%time,field.header.seq,field.header.stamp,field.header.frame_id,field.axes0,field.axes1,field.axes2,field.axes3,field.axes4,field.axes5,field.axes6,field.axes7,field.buttons0,field.buttons1,field.buttons2,field.buttons3,field.buttons4,field.buttons5,field.buttons6,field.buttons7,field.buttons8,field.buttons9,field.buttons10
1685553368276419356,15049,1685553368276082242,/dev/input/js0,0.3,0.0,0.0,0.0,0.0,0.0,0.0,0.0,0,0,0,0,0,0,0,0,0,0,0
1685553368293116411,15050,1685553368292863577,/dev/input/js0,0.0,0.4,0.0,0.0,0.0,0.0,0.0,0.0,0,0,0,0,0,0,0,0,0,0,0
1685553368309867223,15051,1685553368309632630,/dev/input/js0,0.0,0.0,0.0,0.0,0.0,0.0,0.0,0.0,0,0,0,0,0,0,0,0,0,0,0
1685553368326834155,15052,1685553368326473651,/dev/input/js0,0.0,0.0,0.0,0.0,0.0,0.0,0.0,0.0,0,0,0,0,0,0,0,0,0,0,0
1685553368343599656,15053,1685553368343270187,/dev/input/js0,0.0,0.0,0.0,0.0,0.0,0.0,0.0,0.0,0,0,0,0,0,0,0,0,0,0,0
1685553368360331831,15054,1685553368360052807,/dev/input/js0,0.0,0.0,0.0,0.0,0.0,0.0,0.0,0.0,0,0,0,0,0,0,0,0,0,0,0
1685553368377034040,15055,1685553368376819827,/dev/input/js0,0.0,0.0,0.0,0.0,0.0,0.0,0.0,0.0,0,0,0,0,0,0,0,0,0,0,0
1685553368393877124,15056,1685553368393624825,/dev/input/js0,0.0,0.0,0.0,0.0,0.0,0.0,0.0,0.0,0,0,0,0,0,0,0,0,0,0,0
1685553368410699986,15057,1685553368410411603,/dev/input/js0,0.0,0.0,0.0,0.0,0.0,0.0,0.0,0.0,0,0,0,0,0,0,0,0,0,0,0
1685553368427480678,15058,1685553368427194322,/dev/input/js0,0.0,0.0,0.0,0.0,0.0,0.0,0.0,0.0,0,0,0,0,0,0,0,0,0,0,0
1685553368444239742,15059,1685553368443951768,/dev/input/js0,0.0,0.0,0.0,0.0,0.0,0.0,0.0,0.0,0,0,0,0,0,0,0,0,0,0,0
1685553368461020089,15060,1685553368460733547,/dev/input/js0,0.0,0.0,0.0,0.0,0.0,0.0,0.0,0.0,0,0,0,0,0,0,0,0,0,0,0
1685553368477923007,15061,1685553368477657220,/dev/input/js0,0.0,0.0,0.0,0.0,0.0,0.0,0.0,0.0,0,0,0,0,0,0,0,0,0,0,0
1685553368494769763,15062,1685553368494494673,/dev/input/js0,0.0,0.0,0.0,0.0,0.0,0.0,0.0,0.0,0,0,0,0,0,0,0,0,0,0,0
1685553368511550793,15063,1685553368511269555,/dev/input/js0,0.0,0.0,0.0,0.0,0.0,0.0,0.0,0.0,0,0,0,0,0,0,0,0,0,0,0
1685553368528435540,15064,1685553368528084645,/dev/input/js0,0.0,0.0,0.0,0.0,0.0,0.0,0.0,0.0,0,0,0,0,0,0,0,0,0,0,0
1685553368545168901,15065,1685553368544884281,/dev/input/js0,0.0,0.0,0.0,0.0,0.0,0.0,0.0,0.0,0,0,0,0,0,0,0,0,0,0,0
1685553368561999803,15066,1685553368561665766,/dev/input/js0,0.0,0.0,0.0,0.0,0.0,0.0,0.0,0.0,0,0,0,0,0,0,0,0,0,0,0
1685553368578705918,15067,1685553368578451601,/dev/input/js0,0.0,0.0,0.0,0.0,0.0,0.0,0.0,0.0,0,0,0,0,0,0,0,0,0,0,0
1685553368595545528,15068,1685553368595237552,/dev/input/js0,0.0,0.0,0.0,0.0,0.0,0.0,0.0,0.0,0,0,0,0,0,0,0,0,0,0,0
1685553368612378138,15069,1685553368612067773,/dev/input/js0,0.0,0.0,0.0,0.0,0.0,0.0,0.0,0.0,0,0,0,0,0,0,0,0,0,0,0
1685553368629139135,15070,1685553368628856741,/dev/input/js0,0.0,0.0,0.0,0.0,0.0,0.0,0.0,0.0,0,0,0,0,0,0,0,0,0,0,0
1685553368645932288,15071,1685553368645641604,/dev/input/js0,0.0,0.0,0.0,0.0,0.0,0.0,0.0,0.0,0,0,0,0,0,0,0,0,0,0,0
1685553368662723592,15072,1685553368662424201,/dev/input/js0,0.0,0.0,0.0,0.0,0.0,0.0,0.0,0.0,0,0,0,0,0,0,0,0,0,0,0
1685553368679498054,15073,1685553368679213372,/dev/input/js0,0.0,0.0,0.0,0.0,0.0,0.0,0.0,0.0,0,0,0,0,0,0,0,0,0,0,0
1685553368696169295,15074,1685553368695967525,/dev/input/js0,0.0,0.0,0.0,0.0,0.0,0.0,0.0,0.0,0,0,0,0,0,0,0,0,0,0,0
1685553368712928786,15075,1685553368712734680,/dev/input/js0,0.0,0.0,0.0,0.0,0.0,0.0,0.0,0.0,0,0,0,0,0,0,0,0,0,0,0
1685553368729839117,15076,1685553368729540714,/dev/input/js0,0.0,0.0,0.0,0.0,0.0,0.0,0.0,0.0,0,0,0,0,0,0,0,0,0,0,0
1685553368746734128,15077,1685553368746368464,/dev/input/js0,0.0,0.0,0.0,0.0,0.0,0.0,0.0,0.0,0,0,0,0,0,0,0,0,0,0,0
1685553368763545447,15078,1685553368763226585,/dev/input/js0,0.0,0.0,0.0,0.0,0.0,0.0,0.0,0.0,0,0,0,0,0,0,0,0,0,0,0
1685553368780296720,15079,1685553368780051215,/dev/input/js0,0.0,0.0,0.0,0.0,0.0,0.0,0.0,0.0,0,0,0,0,0,0,0,0,0,0,0
1685553368797162810,15080,1685553368796828035,/dev/input/js0,0.0,0.0,0.0,0.0,0.0,0.0,0.0,0.0,0,0,0,0,0,0,0,0,0,0,0
1685553368813952313,15081,1685553368813619384,/dev/input/js0,0.0,0.0,0.0,0.0,0.0,0.0,0.0,0.0,0,0,0,0,0,0,0,0,0,0,0
1685553368830688306,15082,1685553368830411986,/dev/input/js0,0.0,0.0,0.0,0.0,0.0,0.0,0.0,0.0,0,0,0,0,0,0,0,0,0,0,0
1685553368847537708,15083,1685553368847245477,/dev/input/js0,0.0,0.0,0.0,0.0,0.0,0.0,0.0,0.0,0,0,0,0,0,0,0,0,0,0,0
1685553368864285594,15084,1685553368864039817,/dev/input/js0,0.0,0.0,0.0,0.0,0.0,0.0,0.0,0.0,0,0,0,0,0,0,0,0,0,0,0
1685553368881081705,15085,1685553368880815089,/dev/input/js0,0.0,0.0,0.0,0.0,0.0,0.0,0.0,0.0,0,0,0,0,0,0,0,0,0,0,0
1685553368897877871,15086,1685553368897606027,/dev/input/js0,0.0,0.0,0.0,0.0,0.0,0.0,0.0,0.0,0,0,0,0,0,0,0,0,0,0,0
1685553368914690807,15087,1685553368914404802,/dev/input/js0,0.0,0.0,0.0,0.0,0.0,0.0,0.0,0.0,0,0,0,0,0,0,0,0,0,0,0
1685553368931616926,15088,1685553368931256649,/dev/input/js0,0.0,0.0,0.0,0.0,0.0,0.7,0.0,0.0,0,0,0,0,0,0,0,0,0,0,0
1685553368948467255,15089,1685553368948111330,/dev/input/js0,0.0,0.0,0.0,0.0,0.0,0.0,0.0,0.0,0,0,0,0,0,0,0,0,0,0,0
1685553368965322204,15090,1685553368964972313,/dev/input/js0,0.0,0.0,0.0,0.0,0.0,0.0,0.0,0.0,0,0,0,0,0,0,0,0,0,0,0
1685553368982072443,15091,1685553368981763339,/dev/input/js0,0.0,0.0,0.0,0.0,0.0,0.0,0.0,0.0,0,0,0,0,0,0,0,0,0,0,0
1685553368998781246,15092,1685553368998545936,/dev/input/js0,0.0,0.0,0.0,0.0,0.0,0.0,0.0,0.0,0,0,0,0,0,0,0,0,0,0,0
1685553369015669287,15093,1685553369015381048,/dev/input/js0,0.0,0.0,0.0,0.0,0.0,0.0,0.0,0.0,0,0,0,0,0,0,0,0,0,0,0
1685553369032503181,15094,1685553369032180197,/dev/input/js0,0.0,0.0,0.0,0.0,0.0,0.0,0.0,0.0,0,0,0,0,0,0,0,0,0,0,0
1685553369049318772,15095,1685553369049047902,/dev/input/js0,0.0,0.0,0.0,0.0,0.0,0.0,0.0,0.0,0,0,0,0,0,0,0,0,0,0,0
1685553369066144043,15096,1685553369065912892,/dev/input/js0,0.0,0.0,0.0,0.0,0.0,0.0,0.0,0.0,0,0,0,0,0,0,0,0,0,0,0
1685553369082969842,15097,1685553369082701240,/dev/input/js0,0.0,0.0,0.0,0.0,0.0,0.0,0.0,0.0,0,0,0,0,0,0,0,0,0,0,0
1685553369099856095,15098,1685553369099590019,/dev/input/js0,0.0,0.0,0.0,0.0,0.0,0.0,0.0,0.0,0,0,0,0,0,0,0,0,0,0,0
1685553369116697700,15099,1685553369116382448,/dev/input/js0,0.0,0.0,0.0,0.0,0.0,0.0,0.0,0.0,0,0,0,0,0,0,0,0,0,0,0
1685553369133456737,15100,1685553369133189646,/dev/input/js0,0.0,0.0,0.0,0.0,0.0,0.0,0.0,0.0,0,0,0,0,0,0,0,0,0,0,0
1685553369150182726,15101,1685553369149976694,/dev/input/js0,0.0,0.0,0.0,0.0,0.0,0.0,0.0,0.0,0,0,0,0,0,0,0,0,0,0,0
1685553369167032951,15102,1685553369166774245,/dev/input/js0,0.0,0.0,0.0,0.0,0.0,0.5,0.0,0.0,0,0,0,0,0,0,0,0,0,0,0
1685553369183833824,15103,1685553369183622040,/dev/input/js0,0.0,0.0,0.0,0.0,0.0,0.0,0.0,0.0,0,0,0,0,0,0,0,0,0,0,0
1685553369200594878,15104,1685553369200386271,/dev/input/js0,0.0,0.0,0.0,0.0,0.0,0.0,0.0,0.0,0,0,0,0,0,0,0,0,0,0,0
1685553369217410221,15105,1685553369217178289,/dev/input/js0,0.0,0.0,0.0,0.0,0.0,0.0,0.0,0.0,0,0,0,0,0,0,0,0,0,0,0
1685553369234325734,15106,1685553369233979946,/dev/input/js0,0.0,0.0,0.0,0.0,0.0,0.0,0.0,0.0,0,0,0,0,0,0,0,0,0,0,0
1685553369251110182,15107,1685553369250816904,/dev/input/js0,0.0,0.0,0.0,0.0,0.0,0.0,0.0,0.0,0,0,0,0,0,0,0,0,0,0,0
1685553369267840866,15108,1685553369267579909,/dev/input/js0,0.0,0.0,0.0,0.0,0.0,0.0,0.0,0.0,0,0,0,0,0,0,0,0,0,0,0
1685553369284637812,15109,1685553369284352714,/dev/input/js0,0.0,0.0,0.0,0.0,0.0,0.0,0.0,0.0,0,0,0,0,0,0,0,0,0,0,0
1685553369301381686,15110,1685553369301134511,/dev/input/js0,0.0,0.0,0.0,0.0,0.0,0.0,0.0,0.0,0,0,0,0,0,0,0,0,0,0,0
1685553369318360725,15111,1685553369317917727,/dev/input/js0,0.0,0.0,0.0,0.0,0.0,0.0,0.0,0.0,0,0,0,0,0,0,0,0,0,0,0
1685553369334970962,15112,1685553369334717339,/dev/input/js0,0.0,0.0,0.0,0.0,0.0,0.4,0.0,0.0,0,0,0,0,0,0,0,0,0,0,0
1685553369351807514,15113,1685553369351492176,/dev/input/js0,0.0,0.0,0.0,0.0,0.0,0.0,0.0,0.0,0,0,0,0,0,0,0,0,0,0,0
1685553369368506183,15114,1685553369368215712,/dev/input/js0,0.0,0.0,0.0,0.0,0.0,0.0,0.0,0.0,0,0,0,0,0,0,0,0,0,0,0
1685553369385260689,15115,1685553369385007590,/dev/input/js0,0.0,0.0,0.0,0.0,0.0,0.0,0.0,0.0,0,0,0,0,0,0,0,0,0,0,0
1685553369402104916,15116,1685553369401797765,/dev/input/js0,0.0,0.0,0.0,0.0,0.0,0.0,0.0,0.0,0,0,0,0,0,0,0,0,0,0,0
1685553369418929220,15117,1685553369418650317,/dev/input/js0,0.0,0.0,0.0,0.0,0.0,0.0,0.0,0.0,0,0,0,0,0,0,0,0,0,0,0
1685553369435816333,15118,1685553369435479589,/dev/input/js0,0.0,0.0,0.0,0.0,0.0,0.0,0.0,0.0,0,0,0,0,0,0,0,0,0,0,0
1685553369452526925,15119,1685553369452251459,/dev/input/js0,0.0,0.0,0.0,0.0,0.0,0.0,0.0,0.0,0,0,0,0,0,0,0,0,0,0,0
1685553369469253498,15120,1685553369469038517,/dev/input/js0,0.0,0.0,0.0,0.0,0.0,0.0,0.0,0.0,0,0,0,0,0,0,0,0,0,0,0
1685553369486250845,15121,1685553369485921441,/dev/input/js0,0.0,0.0,0.0,0.0,0.0,0.0,0.0,0.0,0,0,0,0,0,0,0,0,0,0,0
1685553369502995759,15122,1685553369502710897,/dev/input/js0,0.0,0.0,0.0,0.0,0.0,0.0,0.0,0.0,0,0,0,0,0,0,0,0,0,0,0
1685553369519832837,15123,1685553369519508419,/dev/input/js0,0.0,0.0,0.0,0.0,0.0,0.0,0.0,0.0,0,0,0,0,0,0,0,0,0,0,0
1685553369536500567,15124,1685553369536286244,/dev/input/js0,0.0,0.0,0.0,0.0,0.0,0.0,0.0,0.0,0,0,0,0,0,0,0,0,0,0,0
1685553369553371718,15125,1685553369553043816,/dev/input/js0,0.0,0.0,0.0,0.0,0.0,0.0,0.0,0.0,0,0,0,0,0,0,0,0,0,0,0
1685553369570154478,15126,1685553369569868409,/dev/input/js0,0.0,0.0,0.0,0.0,0.0,0.0,0.0,0.0,0,0,0,0,0,0,0,0,0,0,0
1685553369587010430,15127,1685553369586689982,/dev/input/js0,0.0,0.0,0.0,0.0,0.0,0.0,0.0,0.0,0,0,0,0,0,0,0,0,0,0,0
1685553369603782232,15128,1685553369603551010,/dev/input/js0,0.0,0.0,0.0,0.0,0.0,0.0,0.0,0.0,0,0,0,0,0,0,0,0,0,0,0
1685553369620579942,15129,1685553369620313096,/dev/input/js0,0.0,0.0,0.0,0.0,0.0,0.0,0.0,0.0,0,0,0,0,0,0,0,0,0,0,0
1685553369637393081,15130,1685553369637103686,/dev/input/js0,0.0,0.0,0.0,0.0,0.0,0.0,0.0,0.0,0,0,0,0,0,0,0,0,0,0,0
1685553369654114034,15131,1685553369653869418,/dev/input/js0,0.0,0.0,0.0,0.0,0.0,0.0,0.0,0.0,0,0,0,0,0,0,0,0,0,0,0
1685553369670996549,15132,1685553369670688499,/dev/input/js0,0.0,0.0,0.0,0.0,0.0,0.0,0.0,0.0,0,0,0,0,0,0,0,0,0,0,0
1685553369687750279,15133,1685553369687517484,/dev/input/js0,0.0,0.0,0.0,0.0,0.0,0.0,0.0,0.0,0,0,0,0,0,0,0,0,0,0,0
1685553369704555662,15134,1685553369704279676,/dev/input/js0,0.0,0.0,0.0,0.0,0.0,0.0,0.0,0.0,0,0,0,0,0,0,0,0,0,0,0
1685553369721518215,15135,1685553369721070777,/dev/input/js0,0.0,0.0,0.0,0.0,0.0,0.0,0.0,0.0,0,0,0,0,0,0,0,0,0,0,0
1685553369738204971,15136,1685553369737867707,/dev/input/js0,0.0,0.0,0.0,0.0,0.0,0.0,0.0,0.0,0,0,0,0,0,0,0,0,0,0,0
1685553369755035359,15137,1685553369754726897,/dev/input/js0,0.0,0.0,0.0,0.0,0.0,0.2,0.0,0.0,0,0,0,0,0,0,0,0,0,0,0
1685553369771785336,15138,1685553369771518486,/dev/input/js0,0.0,0.0,0.0,0.0,0.0,0.0,0.0,0.0,0,0,0,0,0,0,0,0,0,0,0
1685553369788572261,15139,1685553369788278488,/dev/input/js0,0.0,0.0,0.0,0.0,0.0,0.0,0.0,0.0,0,0,0,0,0,0,0,0,0,0,0
1685553369805374149,15140,1685553369805068241,/dev/input/js0,0.0,0.0,0.0,0.0,0.0,0.0,0.0,0.0,0,0,0,0,0,0,0,0,0,0,0
1685553369822164781,15141,1685553369821843623,/dev/input/js0,0.0,0.0,0.0,0.0,0.0,0.0,0.0,0.0,0,0,0,0,0,0,0,0,0,0,0
1685553369838905298,15142,1685553369838627616,/dev/input/js0,0.0,0.0,0.0,0.0,0.0,0.0,0.0,0.0,0,0,0,0,0,0,0,0,0,0,0
1685553369855712060,15143,1685553369855404759,/dev/input/js0,0.0,0.0,0.0,0.0,0.0,0.0,0.0,0.0,0,0,0,0,0,0,0,0,0,0,0
1685553369872448068,15144,1685553369872187277,/dev/input/js0,0.0,0.0,0.0,0.0,0.0,0.0,0.0,0.0,0,0,0,0,0,0,0,0,0,0,0
1685553369889212000,15145,1685553369888974051,/dev/input/js0,0.0,0.0,0.0,0.0,0.0,0.0,0.0,0.0,0,0,0,0,0,0,0,0,0,0,0
1685553369906025427,15146,1685553369905772583,/dev/input/js0,0.0,0.0,0.0,0.0,0.0,0.0,0.0,0.0,0,0,0,0,0,0,0,0,0,0,0
1685553369922864731,15147,1685553369922576038,/dev/input/js0,0.0,0.0,0.0,0.0,0.0,0.0,0.0,0.0,0,0,0,0,0,0,0,0,0,0,0
1685553369939700031,15148,1685553369939470891,/dev/input/js0,0.0,0.0,0.0,0.0,0.0,0.0,0.0,0.0,0,0,0,0,0,0,0,0,0,0,0
1685553369956409324,15149,1685553369956204393,/dev/input/js0,0.0,0.0,0.0,0.0,0.0,0.0,0.0,0.0,0,0,0,0,0,0,0,0,0,0,0
1685553369973257068,15150,1685553369972985348,/dev/input/js0,0.0,0.0,0.0,0.0,0.0,0.0,0.0,0.0,0,0,0,0,0,0,0,0,0,0,0
1685553369989984673,15151,1685553369989778527,/dev/input/js0,0.0,0.0,0.0,0.0,0.0,0.0,0.0,0.0,0,0,0,0,0,0,0,0,0,0,0
1685553370006717560,15152,1685553370006561325,/dev/input/js0,0.0,0.0,0.0,0.0,0.0,0.0,0.0,0.0,0,0,0,0,0,0,0,0,0,0,0
1685553370023648775,15153,1685553370023332452,/dev/input/js0,0.0,0.0,0.0,0.0,0.0,0.0,0.0,0.0,0,0,0,0,0,0,0,0,0,0,0
1685553370040465005,15154,1685553370040120889,/dev/input/js0,0.0,0.0,0.0,0.0,0.0,0.0,0.0,0.0,0,0,0,0,0,0,0,0,0,0,0
1685553370057202977,15155,1685553370056908059,/dev/input/js0,0.0,0.0,0.0,0.0,0.0,0.0,0.0,0.0,0,0,0,0,0,0,0,0,0,0,0
1685553370073991781,15156,1685553370073681409,/dev/input/js0,0.0,0.0,0.0,0.0,0.0,0.0,0.0,0.0,0,0,0,0,0,0,0,0,0,0,0
1685553370090785544,15157,1685553370090460370,/dev/input/js0,0.0,0.0,0.0,0.0,0.0,0.0,0.0,0.0,0,0,0,0,0,0,0,0,0,0,0
1685553370107472166,15158,1685553370107235057,/dev/input/js0,0.0,0.0,0.0,0.0,0.0,0.0,0.0,0.0,0,0,0,0,0,0,0,0,0,0,0
1685553370124408922,15159,1685553370124020959,/dev/input/js0,0.0,0.0,0.0,0.0,0.0,0.0,0.0,0.0,0,0,0,0,0,0,0,0,0,0,0
1685553370141038617,15160,1685553370140821053,/dev/input/js0,0.0,0.0,0.0,0.0,0.0,0.0,0.0,0.0,0,0,0,0,0,0,0,0,0,0,0
1685553370157976724,15161,1685553370157621803,/dev/input/js0,0.0,0.0,0.0,0.0,0.0,0.0,0.0,0.0,0,0,0,0,0,0,0,0,0,0,0
1685553370174774543,15162,1685553370174487231,/dev/input/js0,0.0,0.0,0.0,0.0,0.0,0.0,0.0,0.0,0,0,0,0,0,0,0,0,0,0,0
1685553370191606185,15163,1685553370191320545,/dev/input/js0,0.0,0.0,0.0,0.0,0.0,0.0,0.0,0.0,0,0,0,0,0,0,0,0,0,0,0
1685553370208475771,15164,1685553370208108970,/dev/input/js0,0.0,0.0,0.0,0.0,0.0,0.0,0.0,0.0,0,0,0,0,0,0,0,0,0,0,0
1685553370225203167,15165,1685553370224881561,/dev/input/js0,0.0,0.0,0.0,0.0,0.0,0.0,0.0,0.0,0,0,0,0,0,0,0,0,0,0,0
1685553370241953693,15166,1685553370241672977,/dev/input/js0,0.0,0.0,0.0,0.0,0.0,0.0,0.0,0.0,0,0,0,0,0,0,0,0,0,0,0
1685553370258844391,15167,1685553370258495423,/dev/input/js0,0.0,0.0,0.0,0.0,0.0,0.0,0.0,0.0,0,0,0,0,0,0,0,0,0,0,0
1685553370275735597,15168,1685553370275343742,/dev/input/js0,0.0,0.0,0.0,0.0,0.0,0.0,0.0,0.0,0,0,0,0,0,0,0,0,0,0,0
1685553370292478696,15169,1685553370292140462,/dev/input/js0,0.0,0.0,0.0,0.0,0.0,0.0,0.0,0.0,0,0,0,0,0,0,0,0,0,0,0
1685553370309236791,15170,1685553370309010982,/dev/input/js0,0.0,0.0,0.0,0.0,0.0,0.0,0.0,0.0,0,0,0,0,0,0,0,0,0,0,0
1685553370326182840,15171,1685553370325851961,/dev/input/js0,0.0,0.0,0.0,0.0,0.0,0.0,0.0,0.0,0,0,0,0,0,0,0,0,0,0,0
1685553370342949581,15172,1685553370342697855,/dev/input/js0,0.0,0.0,0.0,0.0,0.0,0.0,0.0,0.0,0,0,0,0,0,0,0,0,0,0,0
1685553370359840148,15173,1685553370359582566,/dev/input/js0,0.0,0.0,0.0,0.0,0.0,0.0,0.0,0.0,0,0,0,0,0,0,0,0,0,0,0
1685553370376621954,15174,1685553370376357047,/dev/input/js0,0.0,0.0,0.0,0.0,0.0,0.0,0.0,0.0,0,0,0,0,0,0,0,0,0,0,0
1685553370393433222,15175,1685553370393148047,/dev/input/js0,0.0,0.0,0.0,0.0,0.0,0.0,0.0,0.0,0,0,0,0,0,0,0,0,0,0,0
1685553370410195774,15176,1685553370409940073,/dev/input/js0,0.0,0.0,0.0,0.0,0.0,0.0,0.0,0.0,0,0,0,0,0,0,0,0,0,0,0
1685553370427057997,15177,1685553370426766290,/dev/input/js0,0.0,0.0,0.0,0.0,0.0,0.0,0.0,0.0,0,0,0,0,0,0,0,0,0,0,0
1685553370443823832,15178,1685553370443592165,/dev/input/js0,0.0,0.0,0.0,0.0,0.0,0.0,0.0,0.0,0,0,0,0,0,0,0,0,0,0,0
1685553370460668430,15179,1685553370460413062,/dev/input/js0,0.0,0.0,0.0,0.0,0.0,0.0,0.0,0.0,0,0,0,0,0,0,0,0,0,0,0
1685553370477456198,15180,1685553370477204197,/dev/input/js0,0.0,0.0,0.0,0.0,0.0,0.0,0.0,0.0,0,0,0,0,0,0,0,0,0,0,0
1685553370494488405,15181,1685553370494181651,/dev/input/js0,0.0,0.0,0.0,0.0,0.0,0.0,0.0,0.0,0,0,0,0,0,0,0,0,0,0,0
1685553370511244508,15182,1685553370510957188,/dev/input/js0,0.0,0.0,0.0,0.0,0.0,0.0,0.0,0.0,0,0,0,0,0,0,0,0,0,0,0
1685553370528125173,15183,1685553370527766259,/dev/input/js0,0.0,0.0,0.0,0.0,0.0,0.0,0.0,0.0,0,0,0,0,0,0,0,0,0,0,0
1685553370544841047,15184,1685553370544568272,/dev/input/js0,0.0,0.0,0.0,0.0,0.0,0.0,0.0,0.0,0,0,0,0,0,0,0,0,0,0,0
1685553370561622457,15185,1685553370561355162,/dev/input/js0,0.0,0.0,0.0,0.0,0.0,0.0,0.0,0.0,0,0,0,0,0,0,0,0,0,0,0
1685553370578355770,15186,1685553370578144457,/dev/input/js0,0.0,0.0,0.0,0.0,0.0,0.0,0.0,0.0,0,0,0,0,0,0,0,0,0,0,0
1685553370595178904,15187,1685553370594911945,/dev/input/js0,0.0,0.0,0.0,0.0,0.0,0.0,0.0,0.0,0,0,0,0,0,0,0,0,0,0,0
1685553370611988119,15188,1685553370611741575,/dev/input/js0,0.0,0.0,0.0,0.0,0.0,0.0,0.0,0.0,0,0,0,0,0,0,0,0,0,0,0
1685553370628825520,15189,1685553370628558543,/dev/input/js0,0.0,0.0,0.0,0.0,0.0,0.0,0.0,0.0,0,0,0,0,0,0,0,0,0,0,0
1685553370645609453,15190,1685553370645358014,/dev/input/js0,0.0,0.0,0.0,0.0,0.0,0.0,0.0,0.0,0,0,0,0,0,0,0,0,0,0,0
1685553370662477333,15191,1685553370662222809,/dev/input/js0,0.0,0.0,0.0,0.0,0.0,0.0,0.0,0.0,0,0,0,0,0,0,0,0,0,0,0
1685553370679323157,15192,1685553370679020382,/dev/input/js0,0.0,0.0,0.0,0.0,0.0,0.0,0.0,0.0,0,0,0,0,0,0,0,0,0,0,0
1685553370696073705,15193,1685553370695818128,/dev/input/js0,0.0,0.0,0.0,0.0,0.0,0.0,0.0,0.0,0,0,0,0,0,0,0,0,0,0,0
1685553370712901633,15194,1685553370712610052,/dev/input/js0,0.0,0.0,0.0,0.0,0.0,0.0,0.0,0.0,0,0,0,0,0,0,0,0,0,0,0
1685553370729795824,15195,1685553370729415855,/dev/input/js0,0.0,0.0,0.0,0.0,0.0,0.0,0.0,0.0,0,0,0,0,0,0,0,0,0,0,0
1685553370746514920,15196,1685553370746224976,/dev/input/js0,0.0,0.0,0.0,0.0,0.0,0.0,0.0,0.0,0,0,0,0,0,0,0,0,0,0,0
1685553370763372974,15197,1685553370763054795,/dev/input/js0,0.0,0.0,0.0,0.0,0.0,0.0,0.0,0.0,0,0,0,0,0,0,0,0,0,0,0
1685553370780101897,15198,1685553370779820233,/dev/input/js0,0.0,0.0,0.0,0.0,0.0,0.0,0.0,0.0,0,0,0,0,0,0,0,0,0,0,0
1685553370796937282,15199,1685553370796605488,/dev/input/js0,0.0,0.0,0.0,0.0,0.0,0.0,0.0,0.0,0,0,0,0,0,0,0,0,0,0,0
1685553370813714401,15200,1685553370813385124,/dev/input/js0,0.0,0.0,0.0,0.0,0.0,0.0,0.0,0.0,0,0,0,0,0,0,0,0,0,0,0
1685553370830512553,15201,1685553370830174026,/dev/input/js0,0.0,0.0,0.0,0.0,0.0,0.0,0.0,0.0,0,0,0,0,0,0,0,0,0,0,0
1685553370847337236,15202,1685553370847026142,/dev/input/js0,0.0,0.0,0.0,0.0,0.0,0.0,0.0,0.0,0,0,0,0,0,0,0,0,0,0,0
1685553370864145729,15203,1685553370863858394,/dev/input/js0,0.0,0.0,0.0,0.0,0.0,0.0,0.0,0.0,0,0,0,0,0,0,0,0,0,0,0
1685553370880906129,15204,1685553370880647725,/dev/input/js0,0.0,0.0,0.0,0.0,0.0,0.0,0.0,0.0,0,0,0,0,0,0,0,0,0,0,0
1685553370897872636,15205,1685553370897440443,/dev/input/js0,0.0,0.0,0.0,0.0,0.0,0.0,0.0,0.0,0,0,0,0,0,0,0,0,0,0,0
1685553370914517946,15206,1685553370914284903,/dev/input/js0,0.0,0.0,0.0,0.0,0.0,0.0,0.0,0.0,0,0,0,0,0,0,0,0,0,0,0
1685553370931399098,15207,1685553370931098334,/dev/input/js0,0.0,0.0,0.0,0.0,0.0,0.0,0.0,0.0,0,0,0,0,0,0,0,0,0,0,0
1685553370948204879,15208,1685553370947938107,/dev/input/js0,0.0,0.0,0.0,0.0,0.0,0.0,0.0,0.0,0,0,0,0,0,0,0,0,0,0,0
1685553370965026840,15209,1685553370964723106,/dev/input/js0,0.0,0.0,0.0,0.0,0.0,0.0,0.0,0.0,0,0,0,0,0,0,0,0,0,0,0
1685553370981793022,15210,1685553370981506338,/dev/input/js0,0.0,0.0,0.0,0.0,0.0,0.0,0.0,0.0,0,0,0,0,0,0,0,0,0,0,0
1685553370998496583,15211,1685553370998270567,/dev/input/js0,0.0,0.0,0.0,0.0,0.0,0.0,0.0,0.0,0,0,0,0,0,0,0,0,0,0,0
1685553371015380460,15212,1685553371015046059,/dev/input/js0,0.0,0.0,0.0,0.0,0.0,0.0,0.0,0.0,0,0,0,0,0,0,0,0,0,0,0
1685553371032197852,15213,1685553371031939601,/dev/input/js0,0.0,0.0,0.0,0.0,0.0,0.0,0.0,0.0,0,0,0,0,0,0,0,0,0,0,0
1685553371049054254,15214,1685553371048718584,/dev/input/js0,0.0,0.0,0.0,0.0,0.0,0.0,0.0,0.0,0,0,0,0,0,0,0,0,0,0,0
1685553371065828858,15215,1685553371065496667,/dev/input/js0,0.0,0.0,0.0,0.0,0.0,0.0,0.0,0.0,0,0,0,0,0,0,0,0,0,0,0
1685553371082595546,15216,1685553371082284251,/dev/input/js0,0.0,0.0,0.0,0.0,0.0,0.0,0.0,0.0,0,0,0,0,0,0,0,0,0,0,0
1685553371099338980,15217,1685553371099072345,/dev/input/js0,0.0,0.0,0.0,0.0,0.0,0.0,0.0,0.0,0,0,0,0,0,0,0,0,0,0,0
1685553371116121863,15218,1685553371115864393,/dev/input/js0,0.0,0.0,0.0,0.0,0.0,0.0,0.0,0.0,0,0,0,0,0,0,0,0,0,0,0
1685553371132982656,15219,1685553371132675114,/dev/input/js0,0.0,0.0,0.0,0.0,0.0,0.0,0.0,0.0,0,0,0,0,0,0,0,0,0,0,0
1685553371149771902,15220,1685553371149482991,/dev/input/js0,0.0,0.0,0.0,0.0,0.0,0.0,0.0,0.0,0,0,0,0,0,0,0,0,0,0,0
1685553371166535512,15221,1685553371166290056,/dev/input/js0,0.0,0.0,0.0,0.0,0.0,0.0,0.0,0.0,0,0,0,0,0,0,0,0,0,0,0
1685553371183319317,15222,1685553371183084200,/dev/input/js0,0.0,0.0,0.0,0.0,0.0,0.0,0.0,0.0,0,0,0,0,0,0,0,0,0,0,0
1685553371200093531,15223,1685553371199876138,/dev/input/js0,0.0,0.0,0.0,0.0,0.0,0.0,0.0,0.0,0,0,0,0,0,0,0,0,0,0,0
1685553371216888897,15224,1685553371216670806,/dev/input/js0,0.0,0.0,0.0,0.0,0.0,0.0,0.0,0.0,0,0,0,0,0,0,0,0,0,0,0
1685553371233742987,15225,1685553371233440712,/dev/input/js0,0.0,0.0,0.0,0.0,0.0,0.0,0.0,0.0,0,0,0,0,0,0,0,0,0,0,0
1685553371250572847,15226,1685553371250208130,/dev/input/js0,0.0,0.0,0.0,0.0,0.0,0.0,0.0,0.0,0,0,0,0,0,0,0,0,0,0,0
1685553371267283076,15227,1685553371267020716,/dev/input/js0,0.0,0.0,0.0,0.0,0.0,0.0,0.0,0.0,0,0,0,0,0,0,0,0,0,0,0
1685553371284030325,15228,1685553371283790918,/dev/input/js0,0.0,0.0,0.0,0.0,0.0,0.0,0.0,0.0,0,0,0,0,0,0,0,0,0,0,0
1685553371300824315,15229,1685553371300574522,/dev/input/js0,0.0,0.0,0.0,0.0,0.0,0.0,0.0,0.0,0,0,0,0,0,0,0,0,0,0,0
1685553371317610095,15230,1685553371317350546,/dev/input/js0,0.0,0.0,0.0,0.0,0.0,0.0,0.0,0.0,0,0,0,0,0,0,0,0,0,0,0
1685553371334465314,15231,1685553371334231861,/dev/input/js0,0.0,0.0,0.0,0.0,0.0,0.0,0.0,0.0,0,0,0,0,0,0,0,0,0,0,0
1685553371351265252,15232,1685553371351013848,/dev/input/js0,0.0,0.0,0.0,0.0,0.0,0.0,0.0,0.0,0,0,0,0,0,0,0,0,0,0,0
1685553371368059184,15233,1685553371367791580,/dev/input/js0,0.0,0.0,0.0,0.0,0.0,0.0,0.0,0.0,0,0,0,0,0,0,0,0,0,0,0
1685553371384833096,15234,1685553371384551817,/dev/input/js0,0.0,0.0,0.0,0.0,0.0,0.0,0.0,0.0,0,0,0,0,0,0,0,0,0,0,0
1685553371401587731,15235,1685553371401309737,/dev/input/js0,0.0,0.0,0.0,0.0,0.0,0.0,0.0,0.0,0,0,0,0,0,0,0,0,0,0,0
1685553371418420429,15236,1685553371418085960,/dev/input/js0,0.0,0.0,0.0,0.0,0.0,0.0,0.0,0.0,0,0,0,0,0,0,0,0,0,0,0
1685553371435176956,15237,1685553371434842874,/dev/input/js0,0.0,0.0,0.0,0.0,0.0,0.0,0.0,0.0,0,0,0,0,0,0,0,0,0,0,0
1685553371451906131,15238,1685553371451614049,/dev/input/js0,0.0,0.0,0.0,0.0,0.0,0.0,0.0,0.0,0,0,0,0,0,0,0,0,0,0,0
1685553371468681008,15239,1685553371468398037,/dev/input/js0,0.0,0.0,0.0,0.0,0.0,0.0,0.0,0.0,0,0,0,0,0,0,0,0,0,0,0
1685553371485421536,15240,1685553371485191143,/dev/input/js0,0.0,0.0,0.0,0.0,0.0,0.0,0.0,0.0,0,0,0,0,0,0,0,0,0,0,0
1685553371502326815,15241,1685553371502070545,/dev/input/js0,0.0,0.0,0.0,0.0,0.0,0.0,0.0,0.0,0,0,0,0,0,0,0,0,0,0,0
1685553371519193349,15242,1685553371518862427,/dev/input/js0,0.0,0.0,0.0,0.0,0.0,0.0,0.0,0.0,0,0,0,0,0,0,0,0,0,0,0
1685553371535963905,15243,1685553371535679724,/dev/input/js0,0.0,0.0,0.0,0.0,0.0,0.0,0.0,0.0,0,0,0,0,0,0,0,0,0,0,0
1685553371552788742,15244,1685553371552493101,/dev/input/js0,0.0,0.0,0.0,0.0,0.0,0.0,0.0,0.0,0,0,0,0,0,0,0,0,0,0,0
1685553371569512787,15245,1685553371569284770,/dev/input/js0,0.0,0.0,0.0,0.0,0.0,0.0,0.0,0.0,0,0,0,0,0,0,0,0,0,0,0
1685553371586311286,15246,1685553371586077315,/dev/input/js0,0.0,0.0,0.0,0.0,0.0,0.0,0.0,0.0,0,0,0,0,0,0,0,0,0,0,0
1685553371603096114,15247,1685553371602867955,/dev/input/js0,0.0,0.0,0.0,0.0,0.0,0.0,0.0,0.0,0,0,0,0,0,0,0,0,0,0,0
1685553371619888193,15248,1685553371619660801,/dev/input/js0,0.0,0.0,0.0,0.0,0.0,0.0,0.0,0.0,0,0,0,0,0,0,0,0,0,0,0
1685553371636711691,15249,1685553371636457668,/dev/input/js0,0.0,0.0,0.0,0.0,0.0,0.0,0.0,0.0,0,0,0,0,0,0,0,0,0,0,0
1685553371653582663,15250,1685553371653291491,/dev/input/js0,0.0,0.0,0.0,0.0,0.0,0.0,0.0,0.0,0,0,0,0,0,0,0,0,0,0,0
1685553371670407445,15251,1685553371670081335,/dev/input/js0,0.0,0.0,0.0,0.0,0.0,0.0,0.0,0.0,0,0,0,0,0,0,0,0,0,0,0
1685553371687211119,15252,1685553371686908128,/dev/input/js0,0.0,0.0,0.0,0.0,0.0,0.0,0.0,0.0,0,0,0,0,0,0,0,0,0,0,0
1685553371704014606,15253,1685553371703733161,/dev/input/js0,0.0,0.0,0.0,0.0,0.0,0.0,0.0,0.0,0,0,0,0,0,0,0,0,0,0,0
1685553371720771668,15254,1685553371720498207,/dev/input/js0,0.0,0.0,0.0,0.0,0.0,0.0,0.0,0.0,0,0,0,0,0,0,0,0,0,0,0
1685553371737643953,15255,1685553371737290030,/dev/input/js0,0.0,0.0,0.0,0.0,0.0,0.0,0.0,0.0,0,0,0,0,0,0,0,0,0,0,0
1685553371754470897,15256,1685553371754130967,/dev/input/js0,0.0,0.0,0.0,0.0,0.0,0.0,0.0,0.0,0,0,0,0,0,0,0,0,0,0,0
1685553371771259705,15257,1685553371770952814,/dev/input/js0,0.0,0.0,0.0,0.0,0.0,0.0,0.0,0.0,0,0,0,0,0,0,0,0,0,0,0
1685553371788044537,15258,1685553371787728325,/dev/input/js0,0.0,0.0,0.0,0.0,0.0,0.0,0.0,0.0,0,0,0,0,0,0,0,0,0,0,0
1685553371804820537,15259,1685553371804515871,/dev/input/js0,0.0,0.0,0.0,0.0,0.0,0.0,0.0,0.0,0,0,0,0,0,0,0,0,0,0,0
1685553371821630245,15260,1685553371821340352,/dev/input/js0,0.0,0.0,0.0,0.0,0.0,0.0,0.0,0.0,0,0,0,0,0,0,0,0,0,0,0
1685553371838398569,15261,1685553371838129672,/dev/input/js0,0.0,0.0,0.0,0.0,0.0,0.0,0.0,0.0,0,0,0,0,0,0,0,0,0,0,0
1685553371855242842,15262,1685553371854905498,/dev/input/js0,0.0,0.0,0.0,0.0,0.0,0.0,0.0,0.0,0,0,0,0,0,0,0,0,0,0,0
1685553371872059701,15263,1685553371871745052,/dev/input/js0,0.0,0.0,0.0,0.0,0.0,0.0,0.0,0.0,0,0,0,0,0,0,0,0,0,0,0
1685553371888786329,15264,1685553371888518337,/dev/input/js0,0.0,0.0,0.0,0.0,0.0,0.0,0.0,0.0,0,0,0,0,0,0,0,0,0,0,0
1685553371905639172,15265,1685553371905311990,/dev/input/js0,0.0,0.0,0.0,0.0,0.0,0.0,0.0,0.0,0,0,0,0,0,0,0,0,0,0,0
1685553371922324332,15266,1685553371922074462,/dev/input/js0,0.0,0.0,0.0,0.0,0.0,0.0,0.0,0.0,0,0,0,0,0,0,0,0,0,0,0
1685553371939250234,15267,1685553371938934270,/dev/input/js0,0.0,0.0,0.0,0.0,0.0,0.0,0.0,0.0,0,0,0,0,0,0,0,0,0,0,0
1685553371956030030,15268,1685553371955714348,/dev/input/js0,0.0,0.0,0.0,0.0,0.0,0.0,0.0,0.0,0,0,0,0,0,0,0,0,0,0,0
1685553371972790945,15269,1685553371972506366,/dev/input/js0,0.0,0.0,0.0,0.0,0.0,0.0,0.0,0.0,0,0,0,0,0,0,0,0,0,0,0
1685553371989630685,15270,1685553371989286628,/dev/input/js0,0.0,0.0,0.0,0.0,0.0,0.0,0.0,0.0,0,0,0,0,0,0,0,0,0,0,0
1685553372006240941,15271,1685553372006043821,/dev/input/js0,0.0,0.0,0.0,0.0,0.0,0.0,0.0,0.0,0,0,0,0,0,0,0,0,0,0,0
1685553372023141404,15272,1685553372022833558,/dev/input/js0,0.0,0.0,0.0,0.0,0.0,0.0,0.0,0.0,0,0,0,0,0,0,0,0,0,0,0
1685553372039925734,15273,1685553372039592834,/dev/input/js0,0.0,0.0,0.0,0.0,0.0,0.0,0.0,0.0,0,0,0,0,0,0,0,0,0,0,0
1685553372056644126,15274,1685553372056362303,/dev/input/js0,0.0,0.0,0.0,0.0,0.0,0.0,0.0,0.0,0,0,0,0,0,0,0,0,0,0,0
1685553372073447162,15275,1685553372073149344,/dev/input/js0,0.0,0.0,0.0,0.0,0.0,0.0,0.0,0.0,0,0,0,0,0,0,0,0,0,0,0
1685553372090316311,15276,1685553372089976874,/dev/input/js0,0.0,0.0,0.0,0.0,0.0,0.0,0.0,0.0,0,0,0,0,0,0,0,0,0,0,0
1685553372107106924,15277,1685553372106804840,/dev/input/js0,0.0,0.0,0.0,0.0,0.0,0.0,0.0,0.0,0,0,0,0,0,0,0,0,0,0,0
1685553372123930192,15278,1685553372123598298,/dev/input/js0,0.0,0.0,0.0,0.0,0.0,0.0,0.0,0.0,0,0,0,0,0,0,0,0,0,0,0
1685553372140647477,15279,1685553372140406699,/dev/input/js0,0.0,0.0,0.0,0.0,0.0,0.0,0.0,0.0,0,0,0,0,0,0,0,0,0,0,0
1685553372157577188,15280,1685553372157182088,/dev/input/js0,0.0,0.0,0.0,0.0,0.0,0.0,0.0,0.0,0,0,0,0,0,0,0,0,0,0,0
1685553372174338516,15281,1685553372173981853,/dev/input/js0,0.0,0.0,0.0,0.0,0.0,0.0,0.0,0.0,0,0,0,0,0,0,0,0,0,0,0
1685553372191101792,15282,1685553372190763622,/dev/input/js0,0.0,0.0,0.0,0.0,0.0,0.0,0.0,0.0,0,0,0,0,0,0,0,0,0,0,0
1685553372207839960,15283,1685553372207528345,/dev/input/js0,0.0,0.0,0.0,0.0,0.0,0.0,0.0,0.0,0,0,0,0,0,0,0,0,0,0,0
1685553372224581189,15284,1685553372224295750,/dev/input/js0,0.0,0.0,0.0,0.0,0.0,0.0,0.0,0.0,0,0,0,0,0,0,0,0,0,0,0
1685553372241493000,15285,1685553372241122733,/dev/input/js0,0.0,0.0,0.0,0.0,0.0,0.0,0.0,0.0,0,0,0,0,0,0,0,0,0,0,0
1685553372258144738,15286,1685553372257926019,/dev/input/js0,0.0,0.0,0.0,0.0,0.0,0.0,0.0,0.0,0,0,0,0,0,0,0,0,0,0,0
1685553372275086177,15287,1685553372274769588,/dev/input/js0,0.0,0.0,0.0,0.0,0.0,0.0,0.0,0.0,0,0,0,0,0,0,0,0,0,0,0
1685553372291804873,15288,1685553372291530205,/dev/input/js0,0.0,0.0,0.0,0.0,0.0,0.0,0.0,0.0,0,0,0,0,0,0,0,0,0,0,0
1685553372308505097,15289,1685553372308296890,/dev/input/js0,0.0,0.0,0.0,0.0,0.0,0.0,0.0,0.0,0,0,0,0,0,0,0,0,0,0,0
1685553372325456342,15290,1685553372325148031,/dev/input/js0,0.0,0.0,0.0,0.0,0.0,0.0,0.0,0.0,0,0,0,0,0,0,0,0,0,0,0
1685553372342190439,15291,1685553372341957416,/dev/input/js0,0.0,0.0,0.0,0.0,0.0,0.0,0.0,0.0,0,0,0,0,0,0,0,0,0,0,0
1685553372359097760,15292,1685553372358848931,/dev/input/js0,0.0,0.0,0.0,0.0,0.0,0.0,0.0,0.0,0,0,0,0,0,0,0,0,0,0,0
1685553372375908883,15293,1685553372375698372,/dev/input/js0,0.0,0.0,0.0,0.0,0.0,0.0,0.0,0.0,0,0,0,0,0,0,0,0,0,0,0
1685553372392800957,15294,1685553372392489661,/dev/input/js0,0.0,0.0,0.0,0.0,0.0,0.0,0.0,0.0,0,0,0,0,0,0,0,0,0,0,0
1685553372409518710,15295,1685553372409283474,/dev/input/js0,0.0,0.0,0.0,0.0,0.0,0.0,0.0,0.0,0,0,0,0,0,0,0,0,0,0,0
1685553372426415532,15296,1685553372426180894,/dev/input/js0,0.0,0.0,0.0,0.0,0.0,0.0,0.0,0.0,0,0,0,0,0,0,0,0,0,0,0
1685553372443255832,15297,1685553372442966994,/dev/input/js0,0.0,0.0,0.0,0.0,0.0,0.0,0.0,0.0,0,0,0,0,0,0,0,0,0,0,0
1685553372460037419,15298,1685553372459754558,/dev/input/js0,0.0,0.0,0.0,0.0,0.0,0.0,0.0,0.0,0,0,0,0,0,0,0,0,0,0,0
1685553372476818242,15299,1685553372476539042,/dev/input/js0,0.0,0.0,0.0,0.0,0.0,0.0,0.0,0.0,0,0,0,0,0,0,0,0,0,0,0
1685553372493588649,15300,1685553372493374792,/dev/input/js0,0.0,0.0,0.0,0.0,0.0,0.0,0.0,0.0,0,0,0,0,0,0,0,0,0,0,0
1685553372510613060,15301,1685553372510318995,/dev/input/js0,0.0,0.0,0.0,0.0,0.0,0.0,0.0,0.0,0,0,0,0,0,0,0,0,0,0,0
1685553372527559316,15302,1685553372527190488,/dev/input/js0,0.0,0.0,0.0,0.0,0.0,0.0,0.0,0.0,0,0,0,0,0,0,0,0,0,0,0
1685553372544296877,15303,1685553372544032136,/dev/input/js0,0.0,0.0,0.0,0.0,0.0,0.0,0.0,0.0,0,0,0,0,0,0,0,0,0,0,0
1685553372561138133,15304,1685553372560819196,/dev/input/js0,0.0,0.0,0.0,0.0,0.0,0.0,0.0,0.0,0,0,0,0,0,0,0,0,0,0,0
1685553372577975981,15305,1685553372577679198,/dev/input/js0,0.0,0.0,0.0,0.0,0.0,0.0,0.0,0.0,0,0,0,0,0,0,0,0,0,0,0
1685553372594756873,15306,1685553372594468353,/dev/input/js0,0.0,0.0,0.0,0.0,0.0,0.0,0.0,0.0,0,0,0,0,0,0,0,0,0,0,0
1685553372611594437,15307,1685553372611255752,/dev/input/js0,0.0,0.0,0.0,0.0,0.0,0.0,0.0,0.0,0,0,0,0,0,0,0,0,0,0,0
1685553372628384731,15308,1685553372628116372,/dev/input/js0,0.0,0.0,0.0,0.0,0.0,0.0,0.0,0.0,0,0,0,0,0,0,0,0,0,0,0
1685553372645258075,15309,1685553372644971954,/dev/input/js0,0.0,0.0,0.0,0.0,0.0,0.0,0.0,0.0,0,0,0,0,0,0,0,0,0,0,0
1685553372662057390,15310,1685553372661762204,/dev/input/js0,0.0,0.0,0.0,0.0,0.0,0.0,0.0,0.0,0,0,0,0,0,0,0,0,0,0,0
1685553372678821518,15311,1685553372678583746,/dev/input/js0,0.0,0.0,0.0,0.0,0.0,0.0,0.0,0.0,0,0,0,0,0,0,0,0,0,0,0
1685553372695687864,15312,1685553372695409885,/dev/input/js0,0.0,0.0,0.0,0.0,0.0,0.0,0.0,0.0,0,0,0,0,0,0,0,0,0,0,0
1685553372712493934,15313,1685553372712201621,/dev/input/js0,0.0,0.0,0.0,0.0,0.0,0.0,0.0,0.0,0,0,0,0,0,0,0,0,0,0,0
1685553372729327552,15314,1685553372729007856,/dev/input/js0,0.0,0.0,0.0,0.0,0.0,0.0,0.0,0.0,0,0,0,0,0,0,0,0,0,0,0
1685553372746143881,15315,1685553372745814820,/dev/input/js0,0.0,0.0,0.0,0.0,0.0,0.0,0.0,0.0,0,0,0,0,0,0,0,0,0,0,0
1685553372762969061,15316,1685553372762648495,/dev/input/js0,0.0,0.0,0.0,0.0,0.0,0.0,0.0,0.0,0,0,0,0,0,0,0,0,0,0,0
1685553372779724958,15317,1685553372779416344,/dev/input/js0,0.0,0.0,0.0,0.0,0.0,0.0,0.0,0.0,0,0,0,0,0,0,0,0,0,0,0
1685553372796514053,15318,1685553372796196226,/dev/input/js0,0.0,0.0,0.0,0.0,0.0,0.0,0.0,0.0,0,0,0,0,0,0,0,0,0,0,0
1685553372813363973,15319,1685553372812989483,/dev/input/js0,0.0,0.0,0.0,0.0,0.0,0.0,0.0,0.0,0,0,0,0,0,0,0,0,0,0,0
1685553372830133067,15320,1685553372829820559,/dev/input/js0,0.0,0.0,0.0,0.0,0.0,0.0,0.0,0.0,0,0,0,0,0,0,0,0,0,0,0
1685553372846967736,15321,1685553372846649235,/dev/input/js0,0.0,0.0,0.0,0.0,0.0,0.0,0.0,0.0,0,0,0,0,0,0,0,0,0,0,0
1685553372863752668,15322,1685553372863518314,/dev/input/js0,0.0,0.0,0.0,0.0,0.0,0.0,0.0,0.0,0,0,0,0,0,0,0,0,0,0,0
1685553372880529408,15323,1685553372880297014,/dev/input/js0,0.0,0.0,0.0,0.0,0.0,0.0,0.0,0.0,0,0,0,0,0,0,0,0,0,0,0
1685553372897371376,15324,1685553372897088084,/dev/input/js0,0.0,0.0,0.0,0.0,0.0,0.0,0.0,0.0,0,0,0,0,0,0,0,0,0,0,0
1685553372914158730,15325,1685553372913858399,/dev/input/js0,0.0,0.0,0.0,0.0,0.0,0.0,0.0,0.0,0,0,0,0,0,0,0,0,0,0,0
1685553372931006051,15326,1685553372930666614,/dev/input/js0,0.0,0.0,0.0,0.0,0.0,0.0,0.0,0.0,0,0,0,0,0,0,0,0,0,0,0
1685553372947776770,15327,1685553372947510449,/dev/input/js0,0.0,0.0,0.0,0.0,0.0,0.0,0.0,0.0,0,0,0,0,0,0,0,0,0,0,0
1685553372964571272,15328,1685553372964279175,/dev/input/js0,0.0,0.0,0.0,0.0,0.0,0.0,0.0,0.0,0,0,0,0,0,0,0,0,0,0,0
1685553372981421638,15329,1685553372981082341,/dev/input/js0,0.0,0.0,0.0,0.0,0.0,0.0,0.0,0.0,0,0,0,0,0,0,0,0,0,0,0
1685553372998184876,15330,1685553372997876843,/dev/input/js0,0.0,0.0,0.0,0.0,0.0,0.0,0.0,0.0,0,0,0,0,0,0,0,0,0,0,0
1685553373015037622,15331,1685553373014661557,/dev/input/js0,0.0,0.0,0.0,0.0,0.0,0.0,0.0,0.0,0,0,0,0,0,0,0,0,0,0,0
1685553373031728303,15332,1685553373031447033,/dev/input/js0,0.0,0.0,0.0,0.0,0.0,0.0,0.0,0.0,0,0,0,0,0,0,0,0,0,0,0
1685553373048489805,15333,1685553373048218009,/dev/input/js0,0.0,0.0,0.0,0.0,0.0,0.0,0.0,0.0,0,0,0,0,0,0,0,0,0,0,0
1685553373065325369,15334,1685553373065001046,/dev/input/js0,0.0,0.0,0.0,0.0,0.0,0.0,0.0,0.0,0,0,0,0,0,0,0,0,0,0,0
1685553373081998950,15335,1685553373081790377,/dev/input/js0,0.0,0.0,0.0,0.0,0.0,0.0,0.0,0.0,0,0,0,0,0,0,0,0,0,0,0
1685553373098947264,15336,1685553373098604465,/dev/input/js0,0.0,0.0,0.0,0.0,0.0,0.0,0.0,0.0,0,0,0,0,0,0,0,0,0,0,0
1685553373115700702,15337,1685553373115392261,/dev/input/js0,0.0,0.0,0.0,0.0,0.0,0.0,0.0,0.0,0,0,0,0,0,0,0,0,0,0,0
1685553373132628357,15338,1685553373132258560,/dev/input/js0,0.0,0.0,0.0,0.0,0.0,0.0,0.0,0.0,0,0,0,0,0,0,0,0,0,0,0
1685553373149296228,15339,1685553373149063840,/dev/input/js0,0.0,0.0,0.0,0.0,0.0,0.0,0.0,0.0,0,0,0,0,0,0,0,0,0,0,0
1685553373166191255,15340,1685553373165901053,/dev/input/js0,0.0,0.0,0.0,0.0,0.0,0.0,0.0,0.0,0,0,0,0,0,0,0,0,0,0,0
1685553373182950085,15341,1685553373182730948,/dev/input/js0,0.0,0.0,0.0,0.0,0.0,0.0,0.0,0.0,0,0,0,0,0,0,0,0,0,0,0
1685553373199870807,15342,1685553373199582368,/dev/input/js0,0.0,0.0,0.0,0.0,0.0,0.0,0.0,0.0,0,0,0,0,0,0,0,0,0,0,0
1685553373216625488,15343,1685553373216342448,/dev/input/js0,0.0,0.0,0.0,0.0,0.0,0.0,0.0,0.0,0,0,0,0,0,0,0,0,0,0,0
1685553373233373465,15344,1685553373233121521,/dev/input/js0,0.0,0.0,0.0,0.0,0.0,0.0,0.0,0.0,0,0,0,0,0,0,0,0,0,0,0
1685553373250261731,15345,1685553373249910565,/dev/input/js0,0.0,0.0,0.0,0.0,0.0,0.0,0.0,0.0,0,0,0,0,0,0,0,0,0,0,0
1685553373266986538,15346,1685553373266719631,/dev/input/js0,0.0,0.0,0.0,0.0,0.0,0.0,0.0,0.0,0,0,0,0,0,0,0,0,0,0,0
1685553373283762067,15347,1685553373283508211,/dev/input/js0,0.0,0.0,0.0,0.0,0.0,0.0,0.0,0.0,0,0,0,0,0,0,0,0,0,0,0
1685553373300497223,15348,1685553373300273371,/dev/input/js0,0.0,0.0,0.0,0.0,0.0,0.0,0.0,0.0,0,0,0,0,0,0,0,0,0,0,0
1685553373317384930,15349,1685553373317067579,/dev/input/js0,0.0,0.0,0.0,0.0,0.0,0.0,0.0,0.0,0,0,0,0,0,0,0,0,0,0,0
1685553373334162821,15350,1685553373333848916,/dev/input/js0,0.0,0.0,0.0,0.0,0.0,0.0,0.0,0.0,0,0,0,0,0,0,0,0,0,0,0
1685553373350959818,15351,1685553373350687654,/dev/input/js0,0.0,0.0,0.0,0.0,0.0,0.0,0.0,0.0,0,0,0,0,0,0,0,0,0,0,0
1685553373367716920,15352,1685553373367485693,/dev/input/js0,0.0,0.0,0.0,0.0,0.0,0.0,0.0,0.0,0,0,0,0,0,0,0,0,0,0,0
1685553373384450880,15353,1685553373384260695,/dev/input/js0,0.0,0.0,0.0,0.0,0.0,0.0,0.0,0.0,0,0,0,0,0,0,0,0,0,0,0
1685553373401295732,15354,1685553373401048235,/dev/input/js0,0.0,0.0,0.0,0.0,0.0,0.0,0.0,0.0,0,0,0,0,0,0,0,0,0,0,0
1685553373418053957,15355,1685553373417813561,/dev/input/js0,0.0,0.0,0.0,0.0,0.0,0.0,0.0,0.0,0,0,0,0,0,0,0,0,0,0,0
1685553373434866572,15356,1685553373434600275,/dev/input/js0,0.0,0.0,0.0,0.0,0.0,0.0,0.0,0.0,0,0,0,0,0,0,0,0,0,0,0
1685553373451592579,15357,1685553373451392017,/dev/input/js0,0.0,0.0,0.0,0.0,0.0,0.0,0.0,0.0,0,0,0,0,0,0,0,0,0,0,0
1685553373468390390,15358,1685553373468190246,/dev/input/js0,0.0,0.0,0.0,0.0,0.0,0.0,0.0,0.0,0,0,0,0,0,0,0,0,0,0,0
1685553373485233909,15359,1685553373484977976,/dev/input/js0,0.0,0.0,0.0,0.0,0.0,0.0,0.0,0.0,0,0,0,0,0,0,0,0,0,0,0
1685553373502036533,15360,1685553373501771185,/dev/input/js0,0.0,0.0,0.0,0.0,0.0,0.0,0.0,0.0,0,0,0,0,0,0,0,0,0,0,0
1685553373519022513,15361,1685553373518710841,/dev/input/js0,0.0,0.0,0.0,0.0,0.0,0.0,0.0,0.0,0,0,0,0,0,0,0,0,0,0,0
1685553373535837068,15362,1685553373535529854,/dev/input/js0,0.0,0.0,0.0,0.0,0.0,0.0,0.0,0.0,0,0,0,0,0,0,0,0,0,0,0
1685553373552587400,15363,1685553373552310096,/dev/input/js0,0.0,0.0,0.0,0.0,0.0,0.0,0.0,0.0,0,0,0,0,0,0,0,0,0,0,0
1685553373569383292,15364,1685553373569096067,/dev/input/js0,0.0,0.0,0.0,0.0,0.0,0.0,0.0,0.0,0,0,0,0,0,0,0,0,0,0,0
1685553373586176417,15365,1685553373585883841,/dev/input/js0,0.0,0.0,0.0,0.0,0.0,0.0,0.0,0.0,0,0,0,0,0,0,0,0,0,0,0
1685553373603021242,15366,1685553373602731704,/dev/input/js0,0.0,0.0,0.0,0.0,0.0,0.0,0.0,0.0,0,0,0,0,0,0,0,0,0,0,0
1685553373619804338,15367,1685553373619521088,/dev/input/js0,0.0,0.0,0.0,0.0,0.0,0.0,0.0,0.0,0,0,0,0,0,0,0,0,0,0,0
1685553373636552980,15368,1685553373636285096,/dev/input/js0,0.0,0.0,0.0,0.0,0.0,0.0,0.0,0.0,0,0,0,0,0,0,0,0,0,0,0
1685553373653334550,15369,1685553373653053542,/dev/input/js0,0.0,0.0,0.0,0.0,0.0,0.0,0.0,0.0,0,0,0,0,0,0,0,0,0,0,0
1685553373670162330,15370,1685553373669842459,/dev/input/js0,0.0,0.0,0.0,0.0,0.0,0.0,0.0,0.0,0,0,0,0,0,0,0,0,0,0,0
1685553373686988350,15371,1685553373686690370,/dev/input/js0,0.0,0.0,0.0,0.0,0.0,0.0,0.0,0.0,0,0,0,0,0,0,0,0,0,0,0
1685553373703771843,15372,1685553373703521026,/dev/input/js0,0.0,0.0,0.0,0.0,0.0,0.0,0.0,0.0,0,0,0,0,0,0,0,0,0,0,0
1685553373720527802,15373,1685553373720287443,/dev/input/js0,0.0,0.0,0.0,0.0,0.0,0.0,0.0,0.0,0,0,0,0,0,0,0,0,0,0,0
1685553373737273658,15374,1685553373737064133,/dev/input/js0,0.0,0.0,0.0,0.0,0.0,0.0,0.0,0.0,0,0,0,0,0,0,0,0,0,0,0
1685553373754178775,15375,1685553373753899734,/dev/input/js0,0.0,0.0,0.0,0.0,0.0,0.0,0.0,0.0,0,0,0,0,0,0,0,0,0,0,0
1685553373771028987,15376,1685553373770726228,/dev/input/js0,0.0,0.0,0.0,0.0,0.0,0.0,0.0,0.0,0,0,0,0,0,0,0,0,0,0,0
1685553373787766147,15377,1685553373787514370,/dev/input/js0,0.0,0.0,0.0,0.0,0.0,0.0,0.0,0.0,0,0,0,0,0,0,0,0,0,0,0
1685553373804520668,15378,1685553373804248630,/dev/input/js0,0.0,0.0,0.0,0.0,0.0,0.0,0.0,0.0,0,0,0,0,0,0,0,0,0,0,0
1685553373821313740,15379,1685553373821033537,/dev/input/js0,0.0,0.0,0.0,0.0,0.0,0.0,0.0,0.0,0,0,0,0,0,0,0,0,0,0,0
1685553373838059810,15380,1685553373837822486,/dev/input/js0,0.0,0.0,0.0,0.0,0.0,0.0,0.0,0.0,0,0,0,0,0,0,0,0,0,0,0
1685553373854957631,15381,1685553373854611565,/dev/input/js0,0.0,0.0,0.0,0.0,0.0,0.0,0.0,0.0,0,0,0,0,0,0,0,0,0,0,0
1685553373871746105,15382,1685553373871443655,/dev/input/js0,0.0,0.0,0.0,0.0,0.0,0.0,0.0,0.0,0,0,0,0,0,0,0,0,0,0,0
1685553373888433643,15383,1685553373888190717,/dev/input/js0,0.0,0.0,0.0,0.0,0.0,0.0,0.0,0.0,0,0,0,0,0,0,0,0,0,0,0
1685553373905280493,15384,1685553373904994300,/dev/input/js0,0.0,0.0,0.0,0.0,0.0,0.0,0.0,0.0,0,0,0,0,0,0,0,0,0,0,0
1685553373922014251,15385,1685553373921791299,/dev/input/js0,0.0,0.0,0.0,0.0,0.0,0.0,0.0,0.0,0,0,0,0,0,0,0,0,0,0,0
1685553373938900533,15386,1685553373938591314,/dev/input/js0,0.0,0.0,0.0,0.0,0.0,0.0,0.0,0.0,0,0,0,0,0,0,0,0,0,0,0
1685553373955728833,15387,1685553373955437557,/dev/input/js0,0.0,0.0,0.0,0.0,0.0,0.0,0.0,0.0,0,0,0,0,0,0,0,0,0,0,0
1685553373972519630,15388,1685553373972248724,/dev/input/js0,0.0,0.0,0.0,0.0,0.0,0.0,0.0,0.0,0,0,0,0,0,0,0,0,0,0,0
1685553373989342201,15389,1685553373989038395,/dev/input/js0,0.0,0.0,0.0,0.0,0.0,0.0,0.0,0.0,0,0,0,0,0,0,0,0,0,0,0
1685553374006100825,15390,1685553374005827436,/dev/input/js0,0.0,0.0,0.0,0.0,0.0,0.0,0.0,0.0,0,0,0,0,0,0,0,0,0,0,0
1685553374022902690,15391,1685553374022619700,/dev/input/js0,0.0,0.0,0.0,0.0,0.0,0.0,0.0,0.0,0,0,0,0,0,0,0,0,0,0,0
1685553374039674034,15392,1685553374039407367,/dev/input/js0,0.0,0.0,0.0,0.0,0.0,0.0,0.0,0.0,0,0,0,0,0,0,0,0,0,0,0
1685553374056531664,15393,1685553374056255060,/dev/input/js0,0.0,0.0,0.0,0.0,0.0,0.0,0.0,0.0,0,0,0,0,0,0,0,0,0,0,0
1685553374073462008,15394,1685553374073048316,/dev/input/js0,0.0,0.0,0.0,0.0,0.0,0.0,0.0,0.0,0,0,0,0,0,0,0,0,0,0,0
1685553374090140044,15395,1685553374089838789,/dev/input/js0,0.0,0.0,0.0,0.0,0.0,0.0,0.0,0.0,0,0,0,0,0,0,0,0,0,0,0
1685553374107036892,15396,1685553374106676915,/dev/input/js0,0.0,0.0,0.0,0.0,0.0,0.0,0.0,0.0,0,0,0,0,0,0,0,0,0,0,0
1685553374123748366,15397,1685553374123462377,/dev/input/js0,0.0,0.0,0.0,0.0,0.0,0.0,0.0,0.0,0,0,0,0,0,0,0,0,0,0,0
1685553374140505413,15398,1685553374140254310,/dev/input/js0,0.0,0.0,0.0,0.0,0.0,0.0,0.0,0.0,0,0,0,0,0,0,0,0,0,0,0
1685553374157319800,15399,1685553374157027669,/dev/input/js0,0.0,0.0,0.0,0.0,0.0,0.0,0.0,0.0,0,0,0,0,0,0,0,0,0,0,0
1685553374174097990,15400,1685553374173825086,/dev/input/js0,0.0,0.0,0.0,0.0,0.0,0.0,0.0,0.0,0,0,0,0,0,0,0,0,0,0,0
1685553374190889777,15401,1685553374190617433,/dev/input/js0,0.0,0.0,0.0,0.0,0.0,0.0,0.0,0.0,0,0,0,0,0,0,0,0,0,0,0
1685553374207654947,15402,1685553374207448767,/dev/input/js0,0.0,0.0,0.0,0.0,0.0,0.0,0.0,0.0,0,0,0,0,0,0,0,0,0,0,0
1685553374224470018,15403,1685553374224221199,/dev/input/js0,0.0,0.0,0.0,0.0,0.0,0.0,0.0,0.0,0,0,0,0,0,0,0,0,0,0,0
1685553374241339434,15404,1685553374241079467,/dev/input/js0,0.0,0.0,0.0,0.0,0.0,0.0,0.0,0.0,0,0,0,0,0,0,0,0,0,0,0
1685553374258171132,15405,1685553374257874517,/dev/input/js0,0.0,0.0,0.0,0.0,0.0,0.0,0.0,0.0,0,0,0,0,0,0,0,0,0,0,0
1685553374274934471,15406,1685553374274682852,/dev/input/js0,0.0,0.0,0.0,0.0,0.0,0.0,0.0,0.0,0,0,0,0,0,0,0,0,0,0,0
1685553374291826356,15407,1685553374291521910,/dev/input/js0,0.0,0.0,0.0,0.0,0.0,0.0,0.0,0.0,0,0,0,0,0,0,0,0,0,0,0
1685553374308534462,15408,1685553374308286568,/dev/input/js0,0.0,0.0,0.0,0.0,0.0,0.0,0.0,0.0,0,0,0,0,0,0,0,0,0,0,0
1685553374325473313,15409,1685553374325048962,/dev/input/js0,0.0,0.0,0.0,0.0,0.0,0.0,0.0,0.0,0,0,0,0,0,0,0,0,0,0,0
1685553374342200089,15410,1685553374341847503,/dev/input/js0,0.0,0.0,0.0,0.0,0.0,0.0,0.0,0.0,0,0,0,0,0,0,0,0,0,0,0
1685553374358974497,15411,1685553374358628495,/dev/input/js0,0.0,0.0,0.0,0.0,0.0,0.0,0.0,0.0,0,0,0,0,0,0,0,0,0,0,0
1685553374375718187,15412,1685553374375457195,/dev/input/js0,0.0,0.0,0.0,0.0,0.0,0.0,0.0,0.0,0,0,0,0,0,0,0,0,0,0,0
1685553374392567324,15413,1685553374392222342,/dev/input/js0,0.0,0.0,0.0,0.0,0.0,0.0,0.0,0.0,0,0,0,0,0,0,0,0,0,0,0
1685553374409275614,15414,1685553374409021649,/dev/input/js0,0.0,0.0,0.0,0.0,0.0,0.0,0.0,0.0,0,0,0,0,0,0,0,0,0,0,0
1685553374426117641,15415,1685553374425814991,/dev/input/js0,0.0,0.0,0.0,0.0,0.0,0.0,0.0,0.0,0,0,0,0,0,0,0,0,0,0,0
1685553374442978434,15416,1685553374442643366,/dev/input/js0,0.0,0.0,0.0,0.0,0.0,0.0,0.0,0.0,0,0,0,0,0,0,0,0,0,0,0
1685553374459784539,15417,1685553374459483449,/dev/input/js0,0.0,0.0,0.0,0.0,0.0,0.0,0.0,0.0,0,0,0,0,0,0,0,0,0,0,0
1685553374476500875,15418,1685553374476248785,/dev/input/js0,0.0,0.0,0.0,0.0,0.0,0.0,0.0,0.0,0,0,0,0,0,0,0,0,0,0,0
1685553374493344976,15419,1685553374493042624,/dev/input/js0,0.0,0.0,0.0,0.0,0.0,0.0,0.0,0.0,0,0,0,0,0,0,0,0,0,0,0
1685553374510075516,15420,1685553374509834350,/dev/input/js0,0.0,0.0,0.0,0.0,0.0,0.0,0.0,0.0,0,0,0,0,0,0,0,0,0,0,0
1685553374527041313,15421,1685553374526734089,/dev/input/js0,0.0,0.0,0.0,0.0,0.0,0.0,0.0,0.0,0,0,0,0,0,0,0,0,0,0,0
1685553374543817644,15422,1685553374543551428,/dev/input/js0,0.0,0.0,0.0,0.0,0.0,0.0,0.0,0.0,0,0,0,0,0,0,0,0,0,0,0
1685553374560603162,15423,1685553374560321374,/dev/input/js0,0.0,0.0,0.0,0.0,0.0,0.0,0.0,0.0,0,0,0,0,0,0,0,0,0,0,0
1685553374577374131,15424,1685553374577086173,/dev/input/js0,0.0,0.0,0.0,0.0,0.0,0.0,0.0,0.0,0,0,0,0,0,0,0,0,0,0,0
1685553374594191464,15425,1685553374593867292,/dev/input/js0,0.0,0.0,0.0,0.0,0.0,0.0,0.0,0.0,0,0,0,0,0,0,0,0,0,0,0
1685553374610903898,15426,1685553374610655458,/dev/input/js0,0.0,0.0,0.0,0.0,0.0,0.0,0.0,0.0,0,0,0,0,0,0,0,0,0,0,0
1685553374627717671,15427,1685553374627460910,/dev/input/js0,0.0,0.0,0.0,0.0,0.0,0.0,0.0,0.0,0,0,0,0,0,0,0,0,0,0,0
1685553374644569330,15428,1685553374644250534,/dev/input/js0,0.0,0.0,0.0,0.0,0.0,0.0,0.0,0.0,0,0,0,0,0,0,0,0,0,0,0
1685553374661373302,15429,1685553374661027717,/dev/input/js0,0.0,0.0,0.0,0.0,0.0,0.0,0.0,0.0,0,0,0,0,0,0,0,0,0,0,0
1685553374678138359,15430,1685553374677857841,/dev/input/js0,0.0,0.0,0.0,0.0,0.0,0.0,0.0,0.0,0,0,0,0,0,0,0,0,0,0,0
1685553374695009004,15431,1685553374694684744,/dev/input/js0,0.0,0.0,0.0,0.0,0.0,0.0,0.0,0.0,0,0,0,0,0,0,0,0,0,0,0
1685553374711746870,15432,1685553374711449216,/dev/input/js0,0.0,0.0,0.0,0.0,0.0,0.0,0.0,0.0,0,0,0,0,0,0,0,0,0,0,0
1685553374728476787,15433,1685553374728199227,/dev/input/js0,0.0,0.0,0.0,0.0,0.0,0.0,0.0,0.0,0,0,0,0,0,0,0,0,0,0,0
1685553374745270961,15434,1685553374745015790,/dev/input/js0,0.0,0.0,0.0,0.0,0.0,0.0,0.0,0.0,0,0,0,0,0,0,0,0,0,0,0
1685553374762078517,15435,1685553374761807279,/dev/input/js0,0.0,0.0,0.0,0.0,0.0,0.0,0.0,0.0,0,0,0,0,0,0,0,0,0,0,0
1685553374778979591,15436,1685553374778697918,/dev/input/js0,0.0,0.0,0.0,0.0,0.0,0.0,0.0,0.0,0,0,0,0,0,0,0,0,0,0,0
1685553374795749072,15437,1685553374795481587,/dev/input/js0,0.0,0.0,0.0,0.0,0.0,0.0,0.0,0.0,0,0,0,0,0,0,0,0,0,0,0
1685553374812537694,15438,1685553374812228021,/dev/input/js0,0.0,0.0,0.0,0.0,0.0,0.0,0.0,0.0,0,0,0,0,0,0,0,0,0,0,0
1685553374829322274,15439,1685553374829023966,/dev/input/js0,0.0,0.0,0.0,0.0,0.0,0.0,0.0,0.0,0,0,0,0,0,0,0,0,0,0,0
1685553374846192774,15440,1685553374845871153,/dev/input/js0,0.0,0.0,0.0,0.0,0.0,0.0,0.0,0.0,0,0,0,0,0,0,0,0,0,0,0
1685553374862996023,15441,1685553374862699038,/dev/input/js0,0.0,0.0,0.0,0.0,0.0,0.0,0.0,0.0,0,0,0,0,0,0,0,0,0,0,0
1685553374879837405,15442,1685553374879544871,/dev/input/js0,0.0,0.0,0.0,0.0,0.0,0.0,0.0,0.0,0,0,0,0,0,0,0,0,0,0,0
1685553374896596844,15443,1685553374896306990,/dev/input/js0,0.0,0.0,0.0,0.0,0.0,0.0,0.0,0.0,0,0,0,0,0,0,0,0,0,0,0
1685553374913353000,15444,1685553374913079733,/dev/input/js0,0.0,0.0,0.0,0.0,0.0,0.0,0.0,0.0,0,0,0,0,0,0,0,0,0,0,0
1685553374930226837,15445,1685553374929877610,/dev/input/js0,0.0,0.0,0.0,0.0,0.0,0.0,0.0,0.0,0,0,0,0,0,0,0,0,0,0,0
1685553374947030743,15446,1685553374946723320,/dev/input/js0,0.0,0.0,0.0,0.0,0.0,0.0,0.0,0.0,0,0,0,0,0,0,0,0,0,0,0
1685553374963818305,15447,1685553374963507638,/dev/input/js0,0.0,0.0,0.0,0.0,0.0,0.0,0.0,0.0,0,0,0,0,0,0,0,0,0,0,0
1685553374980621968,15448,1685553374980277251,/dev/input/js0,0.0,0.0,0.0,0.0,0.0,0.0,0.0,0.0,0,0,0,0,0,0,0,0,0,0,0
1685553374997313719,15449,1685553374997054805,/dev/input/js0,0.0,0.0,0.0,0.0,0.0,0.0,0.0,0.0,0,0,0,0,0,0,0,0,0,0,0
1685553375014227514,15450,1685553375013887541,/dev/input/js0,0.0,0.0,0.0,0.0,0.0,0.0,0.0,0.0,0,0,0,0,0,0,0,0,0,0,0
1685553375030959531,15451,1685553375030662163,/dev/input/js0,0.0,0.0,0.0,0.0,0.0,0.0,0.0,0.0,0,0,0,0,0,0,0,0,0,0,0
1685553375047825996,15452,1685553375047542239,/dev/input/js0,0.0,0.0,0.0,0.0,0.0,0.0,0.0,0.0,0,0,0,0,0,0,0,0,0,0,0
1685553375064662105,15453,1685553375064363340,/dev/input/js0,0.0,0.0,0.0,0.0,0.0,0.0,0.0,0.0,0,0,0,0,0,0,0,0,0,0,0
1685553375081528326,15454,1685553375081225269,/dev/input/js0,0.0,0.0,0.0,0.0,0.0,0.0,0.0,0.0,0,0,0,0,0,0,0,0,0,0,0
1685553375098351405,15455,1685553375098049269,/dev/input/js0,0.0,0.0,0.0,0.0,0.0,0.0,0.0,0.0,0,0,0,0,0,0,0,0,0,0,0
1685553375115053842,15456,1685553375114817609,/dev/input/js0,0.0,0.0,0.0,0.0,0.0,0.0,0.0,0.0,0,0,0,0,0,0,0,0,0,0,0
1685553375131910984,15457,1685553375131588966,/dev/input/js0,0.0,0.0,0.0,0.0,0.0,0.0,0.0,0.0,0,0,0,0,0,0,0,0,0,0,0
1685553375148711382,15458,1685553375148376796,/dev/input/js0,0.0,0.0,0.0,0.0,0.0,0.0,0.0,0.0,0,0,0,0,0,0,0,0,0,0,0
1685553375165551199,15459,1685553375165182840,/dev/input/js0,0.0,0.0,0.0,0.0,0.0,0.0,0.0,0.0,0,0,0,0,0,0,0,0,0,0,0
1685553375182260062,15460,1685553375181986874,/dev/input/js0,0.0,0.0,0.0,0.0,0.0,0.0,0.0,0.0,0,0,0,0,0,0,0,0,0,0,0
1685553375199130539,15461,1685553375198772009,/dev/input/js0,0.0,0.0,0.0,0.0,0.0,0.0,0.0,0.0,0,0,0,0,0,0,0,0,0,0,0
1685553375215872769,15462,1685553375215599130,/dev/input/js0,0.0,0.0,0.0,0.0,0.0,0.0,0.0,0.0,0,0,0,0,0,0,0,0,0,0,0
1685553375232662949,15463,1685553375232386642,/dev/input/js0,0.0,0.0,0.0,0.0,0.0,0.0,0.0,0.0,0,0,0,0,0,0,0,0,0,0,0
1685553375249539924,15464,1685553375249180664,/dev/input/js0,0.0,0.0,0.0,0.0,0.0,0.0,0.0,0.0,0,0,0,0,0,0,0,0,0,0,0
1685553375266304007,15465,1685553375265992699,/dev/input/js0,0.0,0.0,0.0,0.0,0.0,0.0,0.0,0.0,0,0,0,0,0,0,0,0,0,0,0
1685553375282962610,15466,1685553375282760475,/dev/input/js0,0.0,0.0,0.0,0.0,0.0,0.0,0.0,0.0,0,0,0,0,0,0,0,0,0,0,0
1685553375299853370,15467,1685553375299546947,/dev/input/js0,0.0,0.0,0.0,0.0,0.0,0.0,0.0,0.0,0,0,0,0,0,0,0,0,0,0,0
1685553375316539127,15468,1685553375316306942,/dev/input/js0,0.0,0.0,0.0,0.0,0.0,0.0,0.0,0.0,0,0,0,0,0,0,0,0,0,0,0
1685553375333398724,15469,1685553375333109349,/dev/input/js0,0.0,0.0,0.0,0.0,0.0,0.0,0.0,0.0,0,0,0,0,0,0,0,0,0,0,0
1685553375350203112,15470,1685553375349929646,/dev/input/js0,0.0,0.0,0.0,0.0,0.0,0.0,0.0,0.0,0,0,0,0,0,0,0,0,0,0,0
1685553375366954302,15471,1685553375366726541,/dev/input/js0,0.0,0.0,0.0,0.0,0.0,0.0,0.0,0.0,0,0,0,0,0,0,0,0,0,0,0
1685553375383776598,15472,1685553375383499076,/dev/input/js0,0.0,0.0,0.0,0.0,0.0,0.0,0.0,0.0,0,0,0,0,0,0,0,0,0,0,0
1685553375400553440,15473,1685553375400296665,/dev/input/js0,0.0,0.0,0.0,0.0,0.0,0.0,0.0,0.0,0,0,0,0,0,0,0,0,0,0,0
1685553375417349264,15474,1685553375417087764,/dev/input/js0,0.0,0.0,0.0,0.0,0.0,0.0,0.0,0.0,0,0,0,0,0,0,0,0,0,0,0
1685553375434205080,15475,1685553375433925294,/dev/input/js0,0.0,0.0,0.0,0.0,0.0,0.0,0.0,0.0,0,0,0,0,0,0,0,0,0,0,0
1685553375450963768,15476,1685553375450745656,/dev/input/js0,0.0,0.0,0.0,0.0,0.0,0.0,0.0,0.0,0,0,0,0,0,0,0,0,0,0,0
1685553375467810742,15477,1685553375467548270,/dev/input/js0,0.0,0.0,0.0,0.0,0.0,0.0,0.0,0.0,0,0,0,0,0,0,0,0,0,0,0
1685553375484584249,15478,1685553375484311431,/dev/input/js0,0.0,0.0,0.0,0.0,0.0,0.0,0.0,0.0,0,0,0,0,0,0,0,0,0,0,0
1685553375501317595,15479,1685553375501107317,/dev/input/js0,0.0,0.0,0.0,0.0,0.0,0.0,0.0,0.0,0,0,0,0,0,0,0,0,0,0,0
1685553375518215656,15480,1685553375517884620,/dev/input/js0,0.0,0.0,0.0,0.0,0.0,0.0,0.0,0.0,0,0,0,0,0,0,0,0,0,0,0
1685553375535191973,15481,1685553375534822246,/dev/input/js0,0.0,0.0,0.0,0.0,0.0,0.0,0.0,0.0,0,0,0,0,0,0,0,0,0,0,0
1685553375551852690,15482,1685553375551606936,/dev/input/js0,0.0,0.0,0.0,0.0,0.0,0.0,0.0,0.0,0,0,0,0,0,0,0,0,0,0,0
1685553375568654058,15483,1685553375568396553,/dev/input/js0,0.0,0.0,0.0,0.0,0.0,0.0,0.0,0.0,0,0,0,0,0,0,0,0,0,0,0
1685553375585465060,15484,1685553375585209529,/dev/input/js0,0.0,0.0,0.0,0.0,0.0,0.0,0.0,0.0,0,0,0,0,0,0,0,0,0,0,0
1685553375602274010,15485,1685553375601984452,/dev/input/js0,0.0,0.0,0.0,0.0,0.0,0.0,0.0,0.0,0,0,0,0,0,0,0,0,0,0,0
1685553375619051408,15486,1685553375618761524,/dev/input/js0,0.0,0.0,0.0,0.0,0.0,0.0,0.0,0.0,0,0,0,0,0,0,0,0,0,0,0
1685553375635826064,15487,1685553375635541858,/dev/input/js0,0.0,0.0,0.0,0.0,0.0,0.0,0.0,0.0,0,0,0,0,0,0,0,0,0,0,0
1685553375652543336,15488,1685553375652300771,/dev/input/js0,0.0,0.0,0.0,0.0,0.0,0.0,0.0,0.0,0,0,0,0,0,0,0,0,0,0,0
1685553375669345316,15489,1685553375669092208,/dev/input/js0,0.0,0.0,0.0,0.0,0.0,0.0,0.0,0.0,0,0,0,0,0,0,0,0,0,0,0
1685553375686141971,15490,1685553375685888274,/dev/input/js0,0.0,0.0,0.0,0.0,0.0,0.0,0.0,0.0,0,0,0,0,0,0,0,0,0,0,0
1685553375702899327,15491,1685553375702656004,/dev/input/js0,0.0,0.0,0.0,0.0,0.0,0.0,0.0,0.0,0,0,0,0,0,0,0,0,0,0,0
1685553375719714665,15492,1685553375719446074,/dev/input/js0,0.0,0.0,0.0,0.0,0.0,0.0,0.0,0.0,0,0,0,0,0,0,0,0,0,0,0
1685553375736546420,15493,1685553375736228651,/dev/input/js0,0.0,0.0,0.0,0.0,0.0,0.0,0.0,0.0,0,0,0,0,0,0,0,0,0,0,0
1685553375753233711,15494,1685553375753029618,/dev/input/js0,0.0,0.0,0.0,0.0,0.0,0.0,0.0,0.0,0,0,0,0,0,0,0,0,0,0,0
1685553375770080201,15495,1685553375769816629,/dev/input/js0,0.0,0.0,0.0,0.0,0.0,0.0,0.0,0.0,0,0,0,0,0,0,0,0,0,0,0
1685553375786773097,15496,1685553375786575373,/dev/input/js0,0.0,0.0,0.0,0.0,0.0,0.0,0.0,0.0,0,0,0,0,0,0,0,0,0,0,0
1685553375803591115,15497,1685553375803332636,/dev/input/js0,0.0,0.0,0.0,0.0,0.0,0.0,0.0,0.0,0,0,0,0,0,0,0,0,0,0,0
1685553375820504010,15498,1685553375820124691,/dev/input/js0,0.0,0.0,0.0,0.0,0.0,0.0,0.0,0.0,0,0,0,0,0,0,0,0,0,0,0
1685553375837217568,15499,1685553375836943448,/dev/input/js0,0.0,0.0,0.0,0.0,0.0,0.0,0.0,0.0,0,0,0,0,0,0,0,0,0,0,0
1685553375854098483,15500,1685553375853734889,/dev/input/js0,0.0,0.0,0.0,0.0,0.0,0.0,0.0,0.0,0,0,0,0,0,0,0,0,0,0,0
1685553375870830486,15501,1685553375870530246,/dev/input/js0,0.0,0.0,0.0,0.0,0.0,0.0,0.0,0.0,0,0,0,0,0,0,0,0,0,0,0
1685553375887542922,15502,1685553375887322507,/dev/input/js0,0.0,0.0,0.0,0.0,0.0,0.0,0.0,0.0,0,0,0,0,0,0,0,0,0,0,0
1685553375904401240,15503,1685553375904109191,/dev/input/js0,0.0,0.0,0.0,0.0,0.0,0.0,0.0,0.0,0,0,0,0,0,0,0,0,0,0,0
1685553375921236293,15504,1685553375920911616,/dev/input/js0,0.0,0.0,0.0,0.0,0.0,0.0,0.0,0.0,0,0,0,0,0,0,0,0,0,0,0
1685553375938075793,15505,1685553375937740693,/dev/input/js0,0.0,0.0,0.0,0.0,0.0,0.0,0.0,0.0,0,0,0,0,0,0,0,0,0,0,0
1685553375954919258,15506,1685553375954598138,/dev/input/js0,0.0,0.0,0.0,0.0,0.0,0.0,0.0,0.0,0,0,0,0,0,0,0,0,0,0,0
1685553375971657046,15507,1685553375971394394,/dev/input/js0,0.0,0.0,0.0,0.0,0.0,0.0,0.0,0.0,0,0,0,0,0,0,0,0,0,0,0
1685553375988474229,15508,1685553375988189147,/dev/input/js0,0.0,0.0,0.0,0.0,0.0,0.0,0.0,0.0,0,0,0,0,0,0,0,0,0,0,0
1685553376005234075,15509,1685553376004951445,/dev/input/js0,0.0,0.0,0.0,0.0,0.0,0.0,0.0,0.0,0,0,0,0,0,0,0,0,0,0,0
1685553376022081366,15510,1685553376021783544,/dev/input/js0,0.0,0.0,0.0,0.0,0.0,0.0,0.0,0.0,0,0,0,0,0,0,0,0,0,0,0
1685553376038849124,15511,1685553376038560236,/dev/input/js0,0.0,0.0,0.0,0.0,0.0,0.0,0.0,0.0,0,0,0,0,0,0,0,0,0,0,0
1685553376055614666,15512,1685553376055334223,/dev/input/js0,0.0,0.0,0.0,0.0,0.0,0.0,0.0,0.0,0,0,0,0,0,0,0,0,0,0,0
1685553376072437495,15513,1685553376072109360,/dev/input/js0,0.0,0.0,0.0,0.0,0.0,0.0,0.0,0.0,0,0,0,0,0,0,0,0,0,0,0
1685553376089157032,15514,1685553376088880537,/dev/input/js0,0.0,0.0,0.0,0.0,0.0,0.0,0.0,0.0,0,0,0,0,0,0,0,0,0,0,0
1685553376105962221,15515,1685553376105671975,/dev/input/js0,0.0,0.0,0.0,0.0,0.0,0.0,0.0,0.0,0,0,0,0,0,0,0,0,0,0,0
1685553376122697164,15516,1685553376122463910,/dev/input/js0,0.0,0.0,0.0,0.0,0.0,0.0,0.0,0.0,0,0,0,0,0,0,0,0,0,0,0
1685553376139605701,15517,1685553376139258737,/dev/input/js0,0.0,0.0,0.0,0.0,0.0,0.0,0.0,0.0,0,0,0,0,0,0,0,0,0,0,0
1685553376156382041,15518,1685553376156073517,/dev/input/js0,0.0,0.0,0.0,0.0,0.0,0.0,0.0,0.0,0,0,0,0,0,0,0,0,0,0,0
1685553376173138442,15519,1685553376172882265,/dev/input/js0,0.0,0.0,0.0,0.0,0.0,0.0,0.0,0.0,0,0,0,0,0,0,0,0,0,0,0
1685553376189972745,15520,1685553376189674368,/dev/input/js0,0.0,0.0,0.0,0.0,0.0,0.0,0.0,0.0,0,0,0,0,0,0,0,0,0,0,0
1685553376206739700,15521,1685553376206449449,/dev/input/js0,0.0,0.0,0.0,0.0,0.0,0.0,0.0,0.0,0,0,0,0,0,0,0,0,0,0,0
1685553376223527429,15522,1685553376223218163,/dev/input/js0,0.0,0.0,0.0,0.0,0.0,0.0,0.0,0.0,0,0,0,0,0,0,0,0,0,0,0
1685553376240302240,15523,1685553376240044057,/dev/input/js0,0.0,0.0,0.0,0.0,0.0,0.0,0.0,0.0,0,0,0,0,0,0,0,0,0,0,0
1685553376257182412,15524,1685553376256844853,/dev/input/js0,0.0,0.0,0.0,0.0,0.0,0.0,0.0,0.0,0,0,0,0,0,0,0,0,0,0,0
1685553376273947155,15525,1685553376273652571,/dev/input/js0,0.0,0.0,0.0,0.0,0.0,0.0,0.0,0.0,0,0,0,0,0,0,0,0,0,0,0
1685553376290759787,15526,1685553376290473852,/dev/input/js0,0.0,0.0,0.0,0.0,0.0,0.0,0.0,0.0,0,0,0,0,0,0,0,0,0,0,0
1685553376307551423,15527,1685553376307297286,/dev/input/js0,0.0,0.0,0.0,0.0,0.0,0.0,0.0,0.0,0,0,0,0,0,0,0,0,0,0,0
1685553376324477502,15528,1685553376324063293,/dev/input/js0,0.0,0.0,0.0,0.0,0.0,0.0,0.0,0.0,0,0,0,0,0,0,0,0,0,0,0
1685553376341167619,15529,1685553376340870140,/dev/input/js0,0.0,0.0,0.0,0.0,0.0,0.0,0.0,0.0,0,0,0,0,0,0,0,0,0,0,0
1685553376357996689,15530,1685553376357667482,/dev/input/js0,0.0,0.0,0.0,0.0,0.0,0.0,0.0,0.0,0,0,0,0,0,0,0,0,0,0,0
1685553376374826500,15531,1685553376374533822,/dev/input/js0,0.0,0.0,0.0,0.0,0.0,0.0,0.0,0.0,0,0,0,0,0,0,0,0,0,0,0
1685553376391648131,15532,1685553376391361948,/dev/input/js0,0.0,0.0,0.0,0.0,0.0,0.0,0.0,0.0,0,0,0,0,0,0,0,0,0,0,0
1685553376408477844,15533,1685553376408197085,/dev/input/js0,0.0,0.0,0.0,0.0,0.0,0.0,0.0,0.0,0,0,0,0,0,0,0,0,0,0,0
1685553376425284229,15534,1685553376424992592,/dev/input/js0,0.0,0.0,0.0,0.0,0.0,0.0,0.0,0.0,0,0,0,0,0,0,0,0,0,0,0
1685553376442099385,15535,1685553376441770159,/dev/input/js0,0.0,0.0,0.0,0.0,0.0,0.0,0.0,0.0,0,0,0,0,0,0,0,0,0,0,0
1685553376458836520,15536,1685553376458568190,/dev/input/js0,0.0,0.0,0.0,0.0,0.0,0.0,0.0,0.0,0,0,0,0,0,0,0,0,0,0,0
1685553376475625855,15537,1685553376475341157,/dev/input/js0,0.0,0.0,0.0,0.0,0.0,0.0,0.0,0.0,0,0,0,0,0,0,0,0,0,0,0
1685553376492363972,15538,1685553376492125666,/dev/input/js0,0.0,0.0,0.0,0.0,0.0,0.0,0.0,0.0,0,0,0,0,0,0,0,0,0,0,0
1685553376509171177,15539,1685553376508882944,/dev/input/js0,0.0,0.0,0.0,0.0,0.0,0.0,0.0,0.0,0,0,0,0,0,0,0,0,0,0,0
1685553376525867706,15540,1685553376525665544,/dev/input/js0,0.0,0.0,0.0,0.0,0.0,0.0,0.0,0.0,0,0,0,0,0,0,0,0,0,0,0
1685553376542900216,15541,1685553376542590752,/dev/input/js0,0.0,0.0,0.0,0.0,0.0,0.0,0.0,0.0,0,0,0,0,0,0,0,0,0,0,0
1685553376559697621,15542,1685553376559431945,/dev/input/js0,0.0,0.0,0.0,0.0,0.0,0.0,0.0,0.0,0,0,0,0,0,0,0,0,0,0,0
1685553376576606565,15543,1685553376576306049,/dev/input/js0,0.0,0.0,0.0,0.0,0.0,0.0,0.0,0.0,0,0,0,0,0,0,0,0,0,0,0
1685553376593369799,15544,1685553376593072894,/dev/input/js0,0.0,0.0,0.0,0.0,0.0,0.0,0.0,0.0,0,0,0,0,0,0,0,0,0,0,0
1685553376610157213,15545,1685553376609853452,/dev/input/js0,0.0,0.0,0.0,0.0,0.0,0.0,0.0,0.0,0,0,0,0,0,0,0,0,0,0,0
1685553376626926228,15546,1685553376626623441,/dev/input/js0,0.0,0.0,0.0,0.0,0.0,0.0,0.0,0.0,0,0,0,0,0,0,0,0,0,0,0
1685553376643708041,15547,1685553376643442120,/dev/input/js0,0.0,0.0,0.0,0.0,0.0,0.0,0.0,0.0,0,0,0,0,0,0,0,0,0,0,0
1685553376660583771,15548,1685553376660246923,/dev/input/js0,0.0,0.0,0.0,0.0,0.0,0.0,0.0,0.0,0,0,0,0,0,0,0,0,0,0,0
1685553376677380574,15549,1685553376677091740,/dev/input/js0,0.0,0.0,0.0,0.0,0.0,0.0,0.0,0.0,0,0,0,0,0,0,0,0,0,0,0
1685553376694158890,15550,1685553376693867583,/dev/input/js0,0.0,0.0,0.0,0.0,0.0,0.0,0.0,0.0,0,0,0,0,0,0,0,0,0,0,0
1685553376710950955,15551,1685553376710624673,/dev/input/js0,0.0,0.0,0.0,0.0,0.0,0.0,0.0,0.0,0,0,0,0,0,0,0,0,0,0,0
1685553376727726023,15552,1685553376727414807,/dev/input/js0,0.0,0.0,0.0,0.0,0.0,0.0,0.0,0.0,0,0,0,0,0,0,0,0,0,0,0
1685553376744465770,15553,1685553376744220533,/dev/input/js0,0.0,0.0,0.0,0.0,0.0,0.0,0.0,0.0,0,0,0,0,0,0,0,0,0,0,0
1685553376761283164,15554,1685553376761016426,/dev/input/js0,0.0,0.0,0.0,0.0,0.0,0.0,0.0,0.0,0,0,0,0,0,0,0,0,0,0,0
1685553376777990673,15555,1685553376777793206,/dev/input/js0,0.0,0.0,0.0,0.0,0.0,0.0,0.0,0.0,0,0,0,0,0,0,0,0,0,0,0
1685553376794872187,15556,1685553376794626862,/dev/input/js0,0.0,0.0,0.0,0.0,0.0,0.0,0.0,0.0,0,0,0,0,0,0,0,0,0,0,0
1685553376811678610,15557,1685553376811400592,/dev/input/js0,0.0,0.0,0.0,0.0,0.0,0.0,0.0,0.0,0,0,0,0,0,0,0,0,0,0,0
1685553376828551416,15558,1685553376828201729,/dev/input/js0,0.0,0.0,0.0,0.0,0.0,0.0,0.0,0.0,0,0,0,0,0,0,0,0,0,0,0
1685553376845366665,15559,1685553376844990689,/dev/input/js0,0.0,0.0,0.0,0.0,0.0,0.0,0.0,0.0,0,0,0,0,0,0,0,0,0,0,0
1685553376862056494,15560,1685553376861783697,/dev/input/js0,0.0,0.0,0.0,0.0,0.0,0.0,0.0,0.0,0,0,0,0,0,0,0,0,0,0,0
1685553376878795535,15561,1685553376878572385,/dev/input/js0,0.0,0.0,0.0,0.0,0.0,0.0,0.0,0.0,0,0,0,0,0,0,0,0,0,0,0
1685553376895705538,15562,1685553376895400729,/dev/input/js0,0.0,0.0,0.0,0.0,0.0,0.0,0.0,0.0,0,0,0,0,0,0,0,0,0,0,0
1685553376912476041,15563,1685553376912192410,/dev/input/js0,0.0,0.0,0.0,0.0,0.0,0.0,0.0,0.0,0,0,0,0,0,0,0,0,0,0,0
1685553376929388264,15564,1685553376928965579,/dev/input/js0,0.0,0.0,0.0,0.0,0.0,0.0,0.0,0.0,0,0,0,0,0,0,0,0,0,0,0
1685553376946173755,15565,1685553376945780161,/dev/input/js0,0.0,0.0,0.0,0.0,0.0,0.0,0.0,0.0,0,0,0,0,0,0,0,0,0,0,0
1685553376962968976,15566,1685553376962619663,/dev/input/js0,0.0,0.0,0.0,0.0,0.0,0.0,0.0,0.0,0,0,0,0,0,0,0,0,0,0,0
1685553376979672125,15567,1685553376979422493,/dev/input/js0,0.0,0.0,0.0,0.0,0.0,0.0,0.0,0.0,0,0,0,0,0,0,0,0,0,0,0
1685553376996441435,15568,1685553376996238089,/dev/input/js0,0.0,0.0,0.0,0.0,0.0,0.0,0.0,0.0,0,0,0,0,0,0,0,0,0,0,0
1685553377013280924,15569,1685553377013007558,/dev/input/js0,0.0,0.0,0.0,0.0,0.0,0.0,0.0,0.0,0,0,0,0,0,0,0,0,0,0,0
1685553377030051339,15570,1685553377029782973,/dev/input/js0,0.0,0.0,0.0,0.0,0.0,0.0,0.0,0.0,0,0,0,0,0,0,0,0,0,0,0
1685553377046850346,15571,1685553377046553788,/dev/input/js0,0.0,0.0,0.0,0.0,0.0,0.0,0.0,0.0,0,0,0,0,0,0,0,0,0,0,0
1685553377063655197,15572,1685553377063384815,/dev/input/js0,0.0,0.0,0.0,0.0,0.0,0.0,0.0,0.0,0,0,0,0,0,0,0,0,0,0,0
1685553377080552255,15573,1685553377080249909,/dev/input/js0,0.0,0.0,0.0,0.0,0.0,0.0,0.0,0.0,0,0,0,0,0,0,0,0,0,0,0
1685553377097419056,15574,1685553377097123234,/dev/input/js0,0.0,0.0,0.0,0.0,0.0,0.0,0.0,0.0,0,0,0,0,0,0,0,0,0,0,0
1685553377114311173,15575,1685553377114029003,/dev/input/js0,0.0,0.0,0.0,0.0,0.0,0.0,0.0,0.0,0,0,0,0,0,0,0,0,0,0,0
1685553377131036323,15576,1685553377130820698,/dev/input/js0,0.0,0.0,0.0,0.0,0.0,0.0,0.0,0.0,0,0,0,0,0,0,0,0,0,0,0
1685553377147928669,15577,1685553377147629205,/dev/input/js0,0.0,0.0,0.0,0.0,0.0,0.0,0.0,0.0,0,0,0,0,0,0,0,0,0,0,0
1685553377164774743,15578,1685553377164441731,/dev/input/js0,0.0,0.0,0.0,0.0,0.0,0.0,0.0,0.0,0,0,0,0,0,0,0,0,0,0,0
1685553377181536572,15579,1685553377181241675,/dev/input/js0,0.0,0.0,0.0,0.0,0.0,0.0,0.0,0.0,0,0,0,0,0,0,0,0,0,0,0
1685553377198412468,15580,1685553377198080717,/dev/input/js0,0.0,0.0,0.0,0.0,0.0,0.0,0.0,0.0,0,0,0,0,0,0,0,0,0,0,0
1685553377215174986,15581,1685553377214867910,/dev/input/js0,0.0,0.0,0.0,0.0,0.0,0.0,0.0,0.0,0,0,0,0,0,0,0,0,0,0,0
1685553377231944867,15582,1685553377231650292,/dev/input/js0,0.0,0.0,0.0,0.0,0.0,0.0,0.0,0.0,0,0,0,0,0,0,0,0,0,0,0
1685553377248722379,15583,1685553377248435242,/dev/input/js0,0.0,0.0,0.0,0.0,0.0,0.0,0.0,0.0,0,0,0,0,0,0,0,0,0,0,0
1685553377265598671,15584,1685553377265223023,/dev/input/js0,0.0,0.0,0.0,0.0,0.0,0.0,0.0,0.0,0,0,0,0,0,0,0,0,0,0,0
1685553377282318853,15585,1685553377282024599,/dev/input/js0,0.0,0.0,0.0,0.0,0.0,0.0,0.0,0.0,0,0,0,0,0,0,0,0,0,0,0
1685553377299097523,15586,1685553377298805585,/dev/input/js0,0.0,0.0,0.0,0.0,0.0,0.0,0.0,0.0,0,0,0,0,0,0,0,0,0,0,0
1685553377315879472,15587,1685553377315587426,/dev/input/js0,0.0,0.0,0.0,0.0,0.0,0.0,0.0,0.0,0,0,0,0,0,0,0,0,0,0,0
1685553377332691843,15588,1685553377332359581,/dev/input/js0,0.0,0.0,0.0,0.0,0.0,0.0,0.0,0.0,0,0,0,0,0,0,0,0,0,0,0
1685553377349513199,15589,1685553377349172075,/dev/input/js0,0.0,0.0,0.0,0.0,0.0,0.0,0.0,0.0,0,0,0,0,0,0,0,0,0,0,0
1685553377366322723,15590,1685553377365966976,/dev/input/js0,0.0,0.0,0.0,0.0,0.0,0.0,0.0,0.0,0,0,0,0,0,0,0,0,0,0,0
1685553377383029827,15591,1685553377382751240,/dev/input/js0,0.0,0.0,0.0,0.0,0.0,0.0,0.0,0.0,0,0,0,0,0,0,0,0,0,0,0
1685553377399839274,15592,1685553377399536488,/dev/input/js0,0.0,0.0,0.0,0.0,0.0,0.0,0.0,0.0,0,0,0,0,0,0,0,0,0,0,0
1685553377416650958,15593,1685553377416358130,/dev/input/js0,0.0,0.0,0.0,0.0,0.0,0.0,0.0,0.0,0,0,0,0,0,0,0,0,0,0,0
1685553377433524482,15594,1685553377433220453,/dev/input/js0,0.0,0.0,0.0,0.0,0.0,0.0,0.0,0.0,0,0,0,0,0,0,0,0,0,0,0
1685553377450349402,15595,1685553377450056194,/dev/input/js0,0.0,0.0,0.0,0.0,0.0,0.0,0.0,0.0,0,0,0,0,0,0,0,0,0,0,0
1685553377467109642,15596,1685553377466889403,/dev/input/js0,0.0,0.0,0.0,0.0,0.0,0.0,0.0,0.0,0,0,0,0,0,0,0,0,0,0,0
1685553377483967661,15597,1685553377483735075,/dev/input/js0,0.0,0.0,0.0,0.0,0.0,0.0,0.0,0.0,0,0,0,0,0,0,0,0,0,0,0
1685553377500812059,15598,1685553377500505383,/dev/input/js0,0.0,0.0,0.0,0.0,0.0,0.0,0.0,0.0,0,0,0,0,0,0,0,0,0,0,0
1685553377517584592,15599,1685553377517341012,/dev/input/js0,0.0,0.0,0.0,0.0,0.0,0.0,0.0,0.0,0,0,0,0,0,0,0,0,0,0,0
1685553377534394192,15600,1685553377534115891,/dev/input/js0,0.0,0.0,0.0,0.0,0.0,0.0,0.0,0.0,0,0,0,0,0,0,0,0,0,0,0
1685553377551287274,15601,1685553377551057864,/dev/input/js0,0.0,0.0,0.0,0.0,0.0,0.0,0.0,0.0,0,0,0,0,0,0,0,0,0,0,0
1685553377568091686,15602,1685553377567854795,/dev/input/js0,0.0,0.0,0.0,0.0,0.0,0.0,0.0,0.0,0,0,0,0,0,0,0,0,0,0,0
1685553377584861291,15603,1685553377584644685,/dev/input/js0,0.0,0.0,0.0,0.0,0.0,0.0,0.0,0.0,0,0,0,0,0,0,0,0,0,0,0
1685553377601679025,15604,1685553377601437882,/dev/input/js0,0.0,0.0,0.0,0.0,0.0,0.0,0.0,0.0,0,0,0,0,0,0,0,0,0,0,0
1685553377618536844,15605,1685553377618317255,/dev/input/js0,0.0,0.0,0.0,0.0,0.0,0.0,0.0,0.0,0,0,0,0,0,0,0,0,0,0,0
1685553377635442252,15606,1685553377635165544,/dev/input/js0,0.0,0.0,0.0,0.0,0.0,0.0,0.0,0.0,0,0,0,0,0,0,0,0,0,0,0
1685553377652312112,15607,1685553377651995183,/dev/input/js0,0.0,0.0,0.0,0.0,0.0,0.0,0.0,0.0,0,0,0,0,0,0,0,0,0,0,0
1685553377669073882,15608,1685553377668776831,/dev/input/js0,0.0,0.0,0.0,0.0,0.0,0.0,0.0,0.0,0,0,0,0,0,0,0,0,0,0,0
1685553377685867147,15609,1685553377685572705,/dev/input/js0,0.0,0.0,0.0,0.0,0.0,0.0,0.0,0.0,0,0,0,0,0,0,0,0,0,0,0
1685553377702632743,15610,1685553377702360434,/dev/input/js0,0.0,0.0,0.0,0.0,0.0,0.0,0.0,0.0,0,0,0,0,0,0,0,0,0,0,0
1685553377719374504,15611,1685553377719149427,/dev/input/js0,0.0,0.0,0.0,0.0,0.0,0.0,0.0,0.0,0,0,0,0,0,0,0,0,0,0,0
1685553377736139382,15612,1685553377735921689,/dev/input/js0,0.0,0.0,0.0,0.0,0.0,0.0,0.0,0.0,0,0,0,0,0,0,0,0,0,0,0
1685553377753006892,15613,1685553377752734267,/dev/input/js0,0.0,0.0,0.0,0.0,0.0,0.0,0.0,0.0,0,0,0,0,0,0,0,0,0,0,0
1685553377769781881,15614,1685553377769510956,/dev/input/js0,0.0,0.0,0.0,0.0,0.0,0.0,0.0,0.0,0,0,0,0,0,0,0,0,0,0,0
1685553377786652380,15615,1685553377786354161,/dev/input/js0,0.0,0.0,0.0,0.0,0.0,0.0,0.0,0.0,0,0,0,0,0,0,0,0,0,0,0
1685553377803414758,15616,1685553377803179359,/dev/input/js0,0.0,0.0,0.0,0.0,0.0,0.0,0.0,0.0,0,0,0,0,0,0,0,0,0,0,0
1685553377820187612,15617,1685553377819964913,/dev/input/js0,0.0,0.0,0.0,0.0,0.0,0.0,0.0,0.0,0,0,0,0,0,0,0,0,0,0,0
1685553377837042192,15618,1685553377836756698,/dev/input/js0,0.0,0.0,0.0,0.0,0.0,0.0,0.0,0.0,0,0,0,0,0,0,0,0,0,0,0
1685553377853877506,15619,1685553377853582918,/dev/input/js0,0.0,0.0,0.0,0.0,0.0,0.0,0.0,0.0,0,0,0,0,0,0,0,0,0,0,0
1685553377870678299,15620,1685553377870390867,/dev/input/js0,0.0,0.0,0.0,0.0,0.0,0.0,0.0,0.0,0,0,0,0,0,0,0,0,0,0,0
1685553377887410481,15621,1685553377887174693,/dev/input/js0,0.0,0.0,0.0,0.0,0.0,0.0,0.0,0.0,0,0,0,0,0,0,0,0,0,0,0
1685553377904304775,15622,1685553377903954526,/dev/input/js0,0.0,0.0,0.0,0.0,0.0,0.0,0.0,0.0,0,0,0,0,0,0,0,0,0,0,0
1685553377921003611,15623,1685553377920729880,/dev/input/js0,0.0,0.0,0.0,0.0,0.0,0.0,0.0,0.0,0,0,0,0,0,0,0,0,0,0,0
